"case","event","index"
1,"CnC|http(s)",0
1,"infoD|http(s)",1
1,"infoD|http(s)",2
2,"vulnD|storage",0
2,"serD|unassigned",1
2,"vulnD|storage",2
2,"serD|unassigned",3
2,"vulnD|storage",4
2,"serD|unassigned",5
3,"netDOS|http(s)",0
3,"infoD|http(s)",1
3,"surf|http(s)",2
3,"hostD|http(s)",3
3,"vulnD|storage",4
3,"serD|unassigned",5
3,"infoD|remoteAccess",6
3,"surf|remoteAccess",7
3,"hostD|remoteAccess",8
3,"vulnD|storage",9
3,"serD|unassigned",10
3,"vulnD|storage",11
3,"serD|unassigned",12
4,"serD|unassigned",0
4,"hostD|remoteAccess",1
4,"infoD|remoteAccess",2
4,"vulnD|storage",3
4,"serD|unassigned",4
4,"surf|remoteAccess",5
4,"infoD|remoteAccess",6
4,"surf|remoteAccess",7
5,"vulnD|storage",0
5,"serD|unassigned",1
5,"vulnD|storage",2
5,"serD|unassigned",3
5,"vulnD|storage",4
5,"serD|unassigned",5
6,"vulnD|storage",0
6,"serD|unassigned",1
6,"vulnD|storage",2
6,"serD|unassigned",3
6,"vulnD|storage",4
6,"serD|unassigned",5
7,"surf|broadcast",0
7,"infoD|broadcast",1
7,"vulnD|storage",2
7,"serD|unassigned",3
7,"vulnD|storage",4
7,"serD|unassigned",5
7,"vulnD|storage",6
7,"serD|unassigned",7
8,"vulnD|storage",0
8,"serD|unassigned",1
8,"vulnD|storage",2
8,"serD|unassigned",3
8,"vulnD|storage",4
8,"serD|unassigned",5
9,"netDOS|http(s)",0
9,"infoD|http(s)",1
9,"surf|http(s)",2
9,"vulnD|storage",3
9,"serD|unassigned",4
9,"vulnD|storage",5
9,"serD|unassigned",6
9,"vulnD|storage",7
9,"serD|unassigned",8
10,"vulnD|storage",0
10,"serD|unassigned",1
10,"vulnD|storage",2
10,"serD|unassigned",3
10,"vulnD|storage",4
10,"serD|unassigned",5
10,"vulnD|storage",6
10,"serD|unassigned",7
11,"vulnD|storage",0
11,"serD|unassigned",1
11,"vulnD|storage",2
11,"serD|unassigned",3
11,"vulnD|storage",4
11,"serD|unassigned",5
11,"vulnD|storage",6
11,"serD|unassigned",7
12,"vulnD|storage",0
12,"serD|unassigned",1
12,"vulnD|storage",2
12,"serD|unassigned",3
12,"vulnD|storage",4
12,"serD|unassigned",5
13,"netDOS|http(s)",0
13,"infoD|http(s)",1
13,"surf|http(s)",2
13,"hostD|http(s)",3
13,"vulnD|storage",4
13,"serD|unassigned",5
13,"hostD|http(s)",6
13,"vulnD|storage",7
13,"serD|unassigned",8
13,"vulnD|storage",9
13,"serD|unassigned",10
14,"netDOS|http(s)",0
14,"infoD|http(s)",1
14,"surf|http(s)",2
15,"vulnD|storage",0
15,"serD|unassigned",1
15,"hostD|http(s)",2
16,"infoD|surveillance",0
16,"surf|surveillance",1
16,"vulnD|storage",2
16,"serD|unassigned",3
16,"hostD|surveillance",4
17,"bfCred|email",0
17,"vulnD|storage",1
17,"serD|unassigned",2
17,"hostD|http(s)",3
18,"vulnD|storage",0
18,"serD|unassigned",1
18,"hostD|http(s)",2
19,"netDOS|http(s)",0
19,"infoD|http(s)",1
19,"surf|http(s)",2
19,"vulnD|storage",3
19,"serD|unassigned",4
19,"hostD|hostingServer",5
20,"surf|http(s)",0
20,"vulnD|storage",1
20,"serD|unassigned",2
20,"hostD|hostingServer",3
21,"vulnD|storage",0
21,"serD|unassigned",1
21,"vulnD|storage",2
21,"serD|unassigned",3
22,"vulnD|storage",0
22,"serD|unassigned",1
22,"hostD|unassigned",2
23,"netDOS|http(s)",0
23,"infoD|http(s)",1
23,"surf|http(s)",2
23,"vulnD|storage",3
23,"serD|unassigned",4
23,"hostD|wireless",5
24,"delivery|http(s)",0
24,"exfil|http(s)",1
24,"dManip|http(s)",2
24,"resHJ|http(s)",3
24,"ACE|http(s)",4
24,"CnC|http(s)",5
24,"remoteexp|http(s)",6
24,"acctManip|http(s)",7
24,"rPrivEsc|http(s)",8
24,"infoD|http(s)",9
24,"vulnD|storage",10
24,"serD|unassigned",11
24,"surf|http(s)",12
25,"delivery|http(s)",0
25,"exfil|http(s)",1
25,"dManip|http(s)",2
25,"resHJ|http(s)",3
25,"ACE|http(s)",4
25,"CnC|http(s)",5
25,"remoteexp|http(s)",6
25,"acctManip|http(s)",7
25,"rPrivEsc|http(s)",8
25,"infoD|http(s)",9
25,"vulnD|http(s)",10
25,"surf|http(s)",11
25,"vulnD|storage",12
25,"serD|unassigned",13
25,"serD|unassigned",14
26,"delivery|http(s)",0
26,"exfil|http(s)",1
26,"dManip|http(s)",2
26,"resHJ|wireless",3
26,"ACE|http(s)",4
26,"CnC|http(s)",5
26,"remoteexp|wireless",6
26,"acctManip|wireless",7
26,"rPrivEsc|wireless",8
26,"infoD|http(s)",9
26,"vulnD|wireless",10
26,"surf|http(s)",11
26,"vulnD|storage",12
26,"serD|ATCcomm",13
27,"vulnD|storage",0
27,"serD|unassigned",1
27,"vulnD|storage",2
27,"serD|unassigned",3
28,"vulnD|storage",0
28,"serD|unassigned",1
28,"vulnD|storage",2
28,"serD|ATCcomm",3
29,"vulnD|storage",0
29,"serD|unassigned",1
29,"vulnD|storage",2
29,"serD|ATCcomm",3
30,"exfil|surveillance",0
30,"dManip|surveillance",1
30,"ACE|surveillance",2
30,"remoteexp|surveillance",3
30,"rPrivEsc|surveillance",4
30,"infoD|surveillance",5
30,"vulnD|surveillance",6
30,"surf|surveillance",7
30,"vulnD|storage",8
30,"serD|ATCcomm",9
31,"vulnD|storage",0
31,"serD|unassigned",1
31,"vulnD|storage",2
31,"serD|storage",3
31,"vulnD|storage",4
31,"serD|unassigned",5
32,"vulnD|storage",0
32,"serD|unassigned",1
32,"vulnD|storage",2
32,"serD|storage",3
32,"vulnD|storage",4
32,"serD|unassigned",5
33,"vulnD|storage",0
33,"serD|unassigned",1
33,"vulnD|storage",2
33,"serD|storage",3
33,"vulnD|storage",4
33,"serD|unassigned",5
34,"vulnD|storage",0
34,"serD|unassigned",1
34,"vulnD|storage",2
34,"serD|storage",3
34,"vulnD|storage",4
34,"serD|unassigned",5
35,"vulnD|storage",0
35,"serD|unassigned",1
35,"vulnD|storage",2
35,"serD|storage",3
35,"vulnD|storage",4
35,"serD|unassigned",5
36,"vulnD|storage",0
36,"serD|unassigned",1
36,"vulnD|storage",2
36,"serD|storage",3
36,"vulnD|storage",4
36,"serD|unassigned",5
37,"delivery|http(s)",0
37,"exfil|http(s)",1
37,"dManip|http(s)",2
37,"resHJ|http(s)",3
37,"ACE|http(s)",4
37,"remoteexp|http(s)",5
37,"acctManip|http(s)",6
37,"rPrivEsc|http(s)",7
37,"infoD|http(s)",8
37,"surf|http(s)",9
37,"hostD|http(s)",10
37,"vulnD|storage",11
37,"serD|unassigned",12
37,"vulnD|storage",13
37,"serD|storage",14
37,"hostD|http(s)",15
37,"vulnD|storage",16
37,"serD|storage",17
37,"vulnD|storage",18
37,"serD|unassigned",19
38,"vulnD|storage",0
38,"serD|unassigned",1
38,"vulnD|storage",2
38,"serD|unassigned",3
38,"vulnD|storage",4
38,"serD|storage",5
38,"vulnD|storage",6
38,"serD|unassigned",7
39,"vulnD|storage",0
39,"serD|unassigned",1
39,"vulnD|storage",2
39,"serD|storage",3
39,"vulnD|storage",4
39,"serD|unassigned",5
40,"vulnD|storage",0
40,"serD|unassigned",1
40,"vulnD|storage",2
40,"serD|storage",3
40,"vulnD|storage",4
40,"serD|unassigned",5
40,"vulnD|storage",6
40,"serD|unassigned",7
41,"hostD|http(s)",0
41,"vulnD|remoteAccess",1
41,"serD|unassigned",2
41,"hostD|remoteAccess",3
41,"infoD|remoteAccess",4
41,"vulnD|storage",5
41,"serD|unassigned",6
42,"vulnD|remoteAccess",0
42,"serD|unassigned",1
42,"vulnD|storage",2
42,"serD|unassigned",3
43,"vulnD|remoteAccess",0
43,"serD|unassigned",1
43,"vulnD|remoteAccess",2
43,"serD|unassigned",3
44,"hostD|http(s)",0
44,"vulnD|storage",1
44,"serD|unassigned",2
44,"vulnD|storage",3
44,"serD|unassigned",4
44,"hostD|http(s)",5
45,"vulnD|remoteAccess",0
45,"serD|unassigned",1
45,"vulnD|storage",2
45,"serD|unassigned",3
46,"vulnD|storage",0
46,"serD|unassigned",1
46,"vulnD|storage",2
46,"serD|unassigned",3
47,"exfil|unassigned",0
47,"infoD|unassigned",1
47,"vulnD|storage",2
47,"serD|unassigned",3
47,"hostD|surveillance",4
48,"exfil|unassigned",0
48,"infoD|unassigned",1
48,"hostD|surveillance",2
48,"serD|unassigned",3
48,"vulnD|storage",4
49,"vulnD|remoteAccess",0
49,"serD|unassigned",1
49,"vulnD|remoteAccess",2
49,"serD|unassigned",3
50,"hostD|http(s)",0
50,"serD|voip",1
50,"vulnD|storage",2
50,"serD|unassigned",3
50,"hostD|http(s)",4
50,"serD|voip",5
50,"vulnD|remoteAccess",6
50,"serD|unassigned",7
51,"bfCred|email",0
51,"vulnD|storage",1
51,"serD|unassigned",2
51,"hostD|http(s)",3
52,"hostD|http(s)",0
52,"vulnD|remoteAccess",1
52,"serD|unassigned",2
53,"vulnD|storage",0
53,"serD|unassigned",1
53,"hostD|unassigned",2
54,"vulnD|remoteAccess",0
54,"serD|unassigned",1
54,"vulnD|remoteAccess",2
54,"serD|unassigned",3
55,"vulnD|storage",0
55,"serD|unassigned",1
55,"vulnD|storage",2
55,"serD|unassigned",3
56,"vulnD|remoteAccess",0
56,"vulnD|remoteAccess",1
56,"serD|unassigned",2
57,"vulnD|storage",0
57,"serD|unassigned",1
57,"vulnD|remoteAccess",2
57,"serD|unassigned",3
58,"exfil|http(s)",0
58,"dManip|http(s)",1
58,"remoteexp|http(s)",2
58,"rPrivEsc|http(s)",3
58,"vulnD|http(s)",4
59,"hostD|http(s)",0
59,"serD|unassigned",1
59,"vulnD|storage",2
60,"hostD|http(s)",0
60,"vulnD|storage",1
60,"serD|unassigned",2
61,"vulnD|storage",0
61,"serD|unassigned",1
61,"serD|unassigned",2
62,"vulnD|storage",0
62,"serD|unassigned",1
62,"serD|unassigned",2
63,"vulnD|storage",0
63,"serD|unassigned",1
63,"hostD|http(s)",2
64,"vulnD|storage",0
64,"serD|ATCcomm",1
64,"hostD|http(s)",2
65,"hostD|http(s)",0
65,"vulnD|storage",1
65,"serD|unassigned",2
66,"hostD|remoteAccess",0
66,"vulnD|storage",1
66,"serD|unassigned",2
67,"vulnD|storage",0
67,"vulnD|storage",1
67,"serD|unassigned",2
68,"delivery|http(s)",0
68,"exfil|http(s)",1
68,"rPrivEsc|http(s)",2
68,"uPrivEsc|http(s)",3
68,"infoD|http(s)",4
68,"vulnD|http(s)",5
68,"vulnD|http(s)",6
68,"serD|remoteAccess",7
68,"hostD|http(s)",8
68,"vulnD|storage",9
68,"serD|unassigned",10
69,"dManip|http(s)",0
69,"ACE|http(s)",1
69,"remoteexp|http(s)",2
69,"PAexp|http(s)",3
69,"serD|remoteAccess",4
70,"dManip|http(s)",0
70,"ACE|http(s)",1
70,"remoteexp|http(s)",2
70,"rPrivEsc|http(s)",3
70,"vulnD|http(s)",4
70,"serD|remoteAccess",5
71,"delivery|http(s)",0
71,"exfil|http(s)",1
71,"dManip|http(s)",2
71,"remoteexp|http(s)",3
71,"PAexp|http(s)",4
71,"infoD|http(s)",5
71,"vulnD|http(s)",6
71,"serD|remoteAccess",7
71,"surf|http(s)",8
71,"serD|remoteAccess",9
71,"serD|remoteAccess",10
72,"rPrivEsc|surveillance",0
72,"uPrivEsc|surveillance",1
72,"vulnD|surveillance",2
72,"vulnD|storage",3
72,"serD|remoteAccess",4
72,"vulnD|storage",5
72,"serD|unassigned",6
73,"delivery|surveillance",0
73,"exfil|surveillance",1
73,"infoD|surveillance",2
74,"ACE|surveillance",0
74,"remoteexp|surveillance",1
74,"vulnD|surveillance",2
75,"exfil|http(s)",0
75,"resHJ|http(s)",1
75,"rPrivEsc|wireless",2
75,"uPrivEsc|wireless",3
75,"infoD|wireless",4
75,"vulnD|wireless",5
75,"surf|wireless",6
75,"serD|remoteAccess",7
75,"vulnD|http(s)",8
75,"serD|remoteAccess",9
75,"infoD|remoteAccess",10
75,"hostD|http(s)",11
75,"vulnD|storage",12
75,"serD|unassigned",13
76,"delivery|wireless",0
76,"dManip|http(s)",1
76,"ACE|http(s)",2
76,"remoteexp|wireless",3
76,"PAexp|wireless",4
76,"serD|remoteAccess",5
77,"exfil|http(s)",0
77,"dManip|http(s)",1
77,"privEsc|http(s)",2
77,"ACE|http(s)",3
77,"remoteexp|hostingServer",4
77,"TOexp|http(s)",5
77,"acctManip|wireless",6
77,"serD|remoteAccess",7
77,"vulnD|hostingServer",8
78,"delivery|hostingServer",0
78,"dManip|wireless",1
78,"ACE|http(s)",2
78,"CnC|hostingServer",3
78,"remoteexp|hostingServer",4
78,"TOexp|http(s)",5
78,"rPrivEsc|http(s)",6
78,"infoD|wireless",7
78,"vulnD|hostingServer",8
78,"serD|remoteAccess",9
78,"serD|remoteAccess",10
78,"serD|remoteAccess",11
78,"serD|remoteAccess",12
79,"rPrivEsc|http(s)",0
79,"uPrivEsc|hostingServer",1
79,"infoD|http(s)",2
79,"vulnD|http(s)",3
79,"surf|http(s)",4
79,"vulnD|http(s)",5
79,"serD|remoteAccess",6
79,"hostD|hostingServer",7
79,"vulnD|storage",8
79,"serD|unassigned",9
80,"delivery|http(s)",0
80,"exfil|http(s)",1
80,"dManip|http(s)",2
80,"ACE|http(s)",3
80,"remoteexp|http(s)",4
80,"PAexp|http(s)",5
80,"serD|remoteAccess",6
81,"dManip|http(s)",0
81,"ACE|http(s)",1
81,"remoteexp|http(s)",2
81,"rPrivEsc|http(s)",3
81,"vulnD|http(s)",4
82,"delivery|http(s)",0
82,"exfil|http(s)",1
82,"dManip|http(s)",2
82,"ACE|hostingServer",3
82,"remoteexp|http(s)",4
82,"PAexp|http(s)",5
82,"TOexp|http(s)",6
82,"infoD|http(s)",7
82,"vulnD|http(s)",8
82,"serD|remoteAccess",9
82,"serD|remoteAccess",10
82,"serD|remoteAccess",11
83,"serD|remoteAccess",0
83,"serD|remoteAccess",1
83,"serD|remoteAccess",2
84,"vulnD|storage",0
84,"vulnD|storage",1
84,"serD|unassigned",2
85,"bfCred|email",0
85,"vulnD|storage",1
85,"serD|unassigned",2
86,"bfCred|email",0
86,"vulnD|http(s)",1
86,"serD|unassigned",2
86,"infoD|remoteAccess",3
86,"vulnD|storage",4
86,"infoD|remoteAccess",5
86,"vulnD|storage",6
86,"serD|unassigned",7
86,"hostD|http(s)",8
87,"exfil|http(s)",0
87,"resHJ|http(s)",1
87,"rPrivEsc|http(s)",2
87,"infoD|http(s)",3
87,"vulnD|http(s)",4
87,"serD|remoteAccess",5
87,"surf|http(s)",6
88,"dManip|http(s)",0
88,"privEsc|http(s)",1
88,"ACE|http(s)",2
88,"remoteexp|http(s)",3
88,"PAexp|http(s)",4
88,"TOexp|http(s)",5
88,"acctManip|http(s)",6
89,"netDOS|broadcast",0
89,"acctManip|broadcast",1
89,"infoD|remoteAccess",2
89,"vulnD|storage",3
89,"serD|unassigned",4
89,"hostD|remoteAccess",5
90,"netDOS|broadcast",0
90,"acctManip|broadcast",1
90,"infoD|remoteAccess",2
90,"vulnD|storage",3
90,"serD|remoteAccess",4
90,"hostD|remoteAccess",5
91,"netDOS|broadcast",0
91,"acctManip|broadcast",1
91,"infoD|nameserver",2
91,"vulnD|storage",3
91,"serD|remoteAccess",4
91,"hostD|remoteAccess",5
92,"netDOS|broadcast",0
92,"acctManip|broadcast",1
92,"infoD|remoteAccess",2
92,"vulnD|storage",3
92,"serD|remoteAccess",4
92,"hostD|remoteAccess",5
93,"netDOS|broadcast",0
93,"acctManip|broadcast",1
93,"infoD|remoteAccess",2
93,"vulnD|storage",3
93,"serD|remoteAccess",4
93,"hostD|remoteAccess",5
94,"netDOS|broadcast",0
94,"acctManip|broadcast",1
94,"infoD|remoteAccess",2
94,"vulnD|storage",3
94,"serD|remoteAccess",4
94,"hostD|remoteAccess",5
95,"netDOS|broadcast",0
95,"acctManip|broadcast",1
95,"infoD|remoteAccess",2
95,"vulnD|storage",3
95,"serD|remoteAccess",4
95,"hostD|remoteAccess",5
96,"netDOS|broadcast",0
96,"acctManip|broadcast",1
96,"infoD|remoteAccess",2
96,"vulnD|storage",3
96,"serD|remoteAccess",4
96,"hostD|remoteAccess",5
97,"netDOS|broadcast",0
97,"acctManip|broadcast",1
97,"infoD|remoteAccess",2
97,"vulnD|storage",3
97,"hostD|remoteAccess",4
98,"netDOS|broadcast",0
98,"acctManip|broadcast",1
98,"infoD|remoteAccess",2
98,"vulnD|storage",3
98,"serD|remoteAccess",4
98,"hostD|remoteAccess",5
99,"netDOS|broadcast",0
99,"acctManip|broadcast",1
99,"infoD|remoteAccess",2
99,"vulnD|storage",3
99,"serD|remoteAccess",4
99,"hostD|remoteAccess",5
100,"netDOS|broadcast",0
100,"acctManip|broadcast",1
100,"infoD|remoteAccess",2
100,"hostD|remoteAccess",3
100,"vulnD|storage",4
100,"serD|unassigned",5
101,"netDOS|broadcast",0
101,"acctManip|broadcast",1
101,"infoD|remoteAccess",2
101,"hostD|remoteAccess",3
101,"vulnD|storage",4
101,"serD|unassigned",5
102,"netDOS|broadcast",0
102,"acctManip|broadcast",1
102,"bfCred|email",2
102,"infoD|remoteAccess",3
102,"hostD|remoteAccess",4
102,"vulnD|storage",5
102,"serD|unassigned",6
103,"exfil|http(s)",0
103,"privEsc|http(s)",1
103,"CnC|http(s)",2
103,"rPrivEsc|http(s)",3
104,"netDOS|broadcast",0
104,"acctManip|broadcast",1
104,"infoD|remoteAccess",2
104,"hostD|remoteAccess",3
104,"vulnD|storage",4
104,"serD|unassigned",5
105,"uPrivEsc|hostingServer",0
105,"uPrivEsc|hostingServer",1
105,"serD|remoteAccess",2
106,"netDOS|broadcast",0
106,"acctManip|broadcast",1
106,"infoD|remoteAccess",2
106,"hostD|remoteAccess",3
106,"vulnD|storage",4
107,"netDOS|broadcast",0
107,"acctManip|broadcast",1
107,"infoD|remoteAccess",2
107,"hostD|remoteAccess",3
107,"vulnD|storage",4
108,"netDOS|broadcast",0
108,"acctManip|broadcast",1
108,"infoD|remoteAccess",2
108,"hostD|remoteAccess",3
108,"vulnD|storage",4
109,"CnC|http(s)",0
109,"infoD|http(s)",1
109,"infoD|http(s)",2
110,"hostD|http(s)",0
110,"hostD|http(s)",1
110,"vulnD|storage",2
110,"serD|unassigned",3
110,"vulnD|storage",4
110,"serD|unassigned",5
110,"hostD|http(s)",6
111,"CnC|storage",0
111,"vulnD|storage",1
111,"serD|unassigned",2
111,"hostD|hostingServer",3
111,"vulnD|storage",4
111,"serD|unassigned",5
112,"vulnD|storage",0
112,"serD|unassigned",1
112,"vulnD|storage",2
112,"serD|unassigned",3
113,"exfil|unassigned",0
113,"infoD|unassigned",1
113,"hostD|wireless",2
113,"vulnD|storage",3
113,"serD|unassigned",4
114,"exfil|unassigned",0
114,"infoD|unassigned",1
114,"hostD|wireless",2
114,"vulnD|storage",3
114,"serD|unassigned",4
115,"netDOS|http(s)",0
115,"infoD|http(s)",1
115,"surf|http(s)",2
115,"hostD|unassigned",3
115,"vulnD|storage",4
115,"serD|unassigned",5
115,"hostD|unassigned",6
115,"vulnD|storage",7
115,"serD|unassigned",8
116,"vulnD|storage",0
116,"serD|unassigned",1
116,"vulnD|storage",2
116,"serD|unassigned",3
117,"exfil|unassigned",0
117,"infoD|unassigned",1
117,"vulnD|storage",2
117,"serD|unassigned",3
117,"hostD|surveillance",4
118,"exfil|unassigned",0
118,"hostD|surveillance",1
118,"vulnD|storage",2
118,"serD|unassigned",3
119,"bfCred|email",0
119,"vulnD|storage",1
119,"serD|unassigned",2
120,"bfCred|email",0
120,"vulnD|storage",1
120,"serD|unassigned",2
120,"hostD|http(s)",3
121,"rPrivEsc|email",0
121,"vulnD|storage",1
121,"serD|unassigned",2
121,"hostD|http(s)",3
121,"hostD|http(s)",4
122,"hostD|remoteAccess",0
122,"infoD|remoteAccess",1
122,"infoD|remoteAccess",2
122,"hostD|remoteAccess",3
122,"vulnD|storage",4
122,"serD|unassigned",5
123,"hostD|remoteAccess",0
123,"infoD|remoteAccess",1
123,"infoD|remoteAccess",2
123,"hostD|remoteAccess",3
123,"vulnD|storage",4
123,"serD|unassigned",5
124,"hostD|remoteAccess",0
124,"infoD|remoteAccess",1
124,"infoD|remoteAccess",2
124,"hostD|remoteAccess",3
124,"vulnD|storage",4
124,"serD|unassigned",5
125,"netDOS|http(s)",0
125,"infoD|http(s)",1
125,"surf|http(s)",2
125,"vulnD|storage",3
125,"serD|unassigned",4
126,"netDOS|http(s)",0
126,"infoD|http(s)",1
126,"serD|unassigned",2
126,"surf|http(s)",3
127,"netDOS|http(s)",0
127,"infoD|http(s)",1
127,"surf|http(s)",2
127,"hostD|remoteAccess",3
127,"infoD|remoteAccess",4
127,"infoD|remoteAccess",5
127,"hostD|remoteAccess",6
128,"netDOS|http(s)",0
128,"infoD|http(s)",1
128,"surf|http(s)",2
128,"vulnD|storage",3
128,"serD|unassigned",4
129,"hostD|remoteAccess",0
129,"infoD|remoteAccess",1
129,"infoD|remoteAccess",2
129,"hostD|remoteAccess",3
129,"infoD|remoteAccess",4
129,"surf|remoteAccess",5
130,"hostD|remoteAccess",0
130,"infoD|remoteAccess",1
130,"infoD|remoteAccess",2
130,"hostD|remoteAccess",3
130,"vulnD|storage",4
130,"serD|unassigned",5
131,"hostD|remoteAccess",0
131,"infoD|remoteAccess",1
131,"infoD|remoteAccess",2
131,"hostD|remoteAccess",3
131,"vulnD|storage",4
131,"serD|unassigned",5
132,"hostD|remoteAccess",0
132,"infoD|remoteAccess",1
132,"infoD|remoteAccess",2
132,"hostD|remoteAccess",3
132,"vulnD|storage",4
132,"serD|unassigned",5
133,"hostD|remoteAccess",0
133,"infoD|remoteAccess",1
133,"infoD|remoteAccess",2
133,"hostD|remoteAccess",3
133,"vulnD|storage",4
133,"serD|unassigned",5
134,"hostD|remoteAccess",0
134,"infoD|remoteAccess",1
134,"infoD|remoteAccess",2
134,"hostD|remoteAccess",3
134,"vulnD|storage",4
134,"serD|unassigned",5
135,"hostD|remoteAccess",0
135,"infoD|remoteAccess",1
135,"infoD|remoteAccess",2
135,"hostD|remoteAccess",3
135,"vulnD|storage",4
135,"serD|unassigned",5
136,"hostD|http(s)",0
136,"vulnD|http(s)",1
136,"serD|ATCcomm",2
136,"hostD|http(s)",3
136,"vulnD|storage",4
136,"serD|unassigned",5
136,"vulnD|storage",6
136,"serD|unassigned",7
136,"vulnD|storage",8
136,"serD|unassigned",9
137,"vulnD|storage",0
137,"serD|ATCcomm",1
137,"vulnD|storage",2
137,"serD|unassigned",3
137,"vulnD|storage",4
137,"serD|unassigned",5
137,"vulnD|storage",6
137,"serD|unassigned",7
138,"vulnD|storage",0
138,"serD|ATCcomm",1
138,"vulnD|storage",2
138,"serD|unassigned",3
138,"vulnD|storage",4
138,"serD|unassigned",5
138,"vulnD|storage",6
138,"serD|unassigned",7
139,"vulnD|storage",0
139,"serD|ATCcomm",1
139,"vulnD|storage",2
139,"serD|unassigned",3
139,"vulnD|storage",4
139,"serD|unassigned",5
139,"vulnD|storage",6
139,"serD|unassigned",7
140,"vulnD|storage",0
140,"serD|ATCcomm",1
140,"vulnD|storage",2
140,"serD|unassigned",3
140,"vulnD|storage",4
140,"serD|unassigned",5
140,"vulnD|storage",6
140,"serD|unassigned",7
141,"hostD|http(s)",0
141,"vulnD|storage",1
141,"serD|ATCcomm",2
141,"hostD|http(s)",3
141,"vulnD|storage",4
141,"serD|unassigned",5
141,"hostD|http(s)",6
141,"vulnD|storage",7
141,"serD|unassigned",8
141,"vulnD|storage",9
141,"serD|unassigned",10
142,"vulnD|storage",0
142,"serD|ATCcomm",1
142,"vulnD|storage",2
142,"serD|unassigned",3
142,"vulnD|storage",4
142,"serD|unassigned",5
142,"vulnD|storage",6
142,"serD|unassigned",7
143,"vulnD|storage",0
143,"serD|ATCcomm",1
143,"vulnD|storage",2
143,"serD|unassigned",3
143,"vulnD|storage",4
143,"serD|unassigned",5
143,"vulnD|storage",6
143,"serD|unassigned",7
144,"vulnD|storage",0
144,"serD|ATCcomm",1
144,"vulnD|storage",2
144,"serD|unassigned",3
144,"vulnD|storage",4
144,"serD|unassigned",5
144,"vulnD|storage",6
144,"serD|unassigned",7
145,"hostD|http(s)",0
145,"vulnD|http(s)",1
145,"serD|ATCcomm",2
145,"hostD|http(s)",3
145,"vulnD|storage",4
145,"serD|unassigned",5
145,"vulnD|storage",6
145,"serD|unassigned",7
145,"vulnD|storage",8
145,"serD|unassigned",9
146,"hostD|http(s)",0
146,"vulnD|storage",1
146,"serD|ATCcomm",2
146,"hostD|http(s)",3
146,"infoD|unassigned",4
146,"vulnD|storage",5
146,"serD|unassigned",6
146,"vulnD|storage",7
146,"serD|unassigned",8
146,"hostD|http(s)",9
146,"vulnD|storage",10
146,"serD|unassigned",11
146,"vulnD|storage",12
146,"serD|unassigned",13
147,"uPrivEsc|hostingServer",0
147,"vulnD|storage",1
147,"serD|unassigned",2
147,"hostD|http(s)",3
148,"CnC|http(s)",0
148,"vulnD|storage",1
148,"serD|unassigned",2
148,"hostD|http(s)",3
149,"netDOS|http(s)",0
149,"uPrivEsc|hostingServer",1
149,"infoD|http(s)",2
149,"surf|http(s)",3
150,"exfil|unassigned",0
150,"infoD|unassigned",1
150,"hostD|wireless",2
150,"vulnD|storage",3
150,"serD|remoteAccess",4
151,"uPrivEsc|hostingServer",0
151,"uPrivEsc|hostingServer",1
151,"uPrivEsc|hostingServer",2
152,"exfil|unassigned",0
152,"infoD|unassigned",1
152,"hostD|surveillance",2
152,"vulnD|storage",3
152,"serD|remoteAccess",4
153,"netDOS|http(s)",0
153,"infoD|http(s)",1
153,"surf|http(s)",2
154,"netDOS|http(s)",0
154,"infoD|http(s)",1
154,"surf|http(s)",2
154,"vulnD|storage",3
154,"serD|unassigned",4
155,"hostD|http(s)",0
155,"vulnD|storage",1
155,"serD|remoteAccess",2
155,"hostD|http(s)",3
155,"vulnD|storage",4
155,"serD|ATCcomm",5
155,"vulnD|storage",6
155,"serD|unassigned",7
155,"vulnD|storage",8
155,"serD|unassigned",9
156,"netDOS|http(s)",0
156,"infoD|http(s)",1
156,"surf|http(s)",2
157,"netDOS|http(s)",0
157,"infoD|http(s)",1
157,"surf|http(s)",2
157,"vulnD|storage",3
157,"serD|unassigned",4
158,"hostD|http(s)",0
158,"vulnD|storage",1
158,"serD|remoteAccess",2
158,"hostD|http(s)",3
158,"vulnD|storage",4
158,"serD|ATCcomm",5
158,"vulnD|remoteAccess",6
158,"vulnD|storage",7
158,"vulnD|storage",8
158,"serD|unassigned",9
159,"vulnD|storage",0
159,"serD|remoteAccess",1
159,"vulnD|storage",2
159,"serD|ATCcomm",3
159,"vulnD|remoteAccess",4
159,"vulnD|storage",5
159,"vulnD|storage",6
159,"serD|unassigned",7
159,"vulnD|storage",8
159,"serD|unassigned",9
160,"hostD|http(s)",0
160,"vulnD|storage",1
160,"serD|remoteAccess",2
160,"hostD|http(s)",3
160,"vulnD|storage",4
160,"serD|ATCcomm",5
160,"vulnD|storage",6
160,"serD|unassigned",7
160,"vulnD|storage",8
160,"vulnD|storage",9
160,"serD|unassigned",10
160,"vulnD|storage",11
160,"serD|unassigned",12
161,"vulnD|storage",0
161,"serD|remoteAccess",1
161,"vulnD|storage",2
161,"serD|ATCcomm",3
161,"vulnD|remoteAccess",4
161,"vulnD|storage",5
161,"vulnD|storage",6
161,"serD|unassigned",7
161,"vulnD|storage",8
161,"serD|unassigned",9
161,"vulnD|storage",10
161,"serD|unassigned",11
162,"vulnD|storage",0
162,"serD|remoteAccess",1
162,"vulnD|storage",2
162,"serD|ATCcomm",3
162,"vulnD|remoteAccess",4
162,"vulnD|storage",5
162,"vulnD|storage",6
162,"serD|unassigned",7
162,"vulnD|storage",8
162,"serD|unassigned",9
163,"vulnD|storage",0
163,"serD|remoteAccess",1
163,"vulnD|storage",2
163,"serD|ATCcomm",3
163,"vulnD|remoteAccess",4
163,"vulnD|storage",5
163,"vulnD|storage",6
163,"serD|unassigned",7
163,"vulnD|storage",8
163,"serD|unassigned",9
164,"vulnD|storage",0
164,"serD|remoteAccess",1
164,"vulnD|storage",2
164,"serD|ATCcomm",3
164,"vulnD|remoteAccess",4
164,"vulnD|storage",5
164,"vulnD|storage",6
164,"serD|unassigned",7
164,"vulnD|storage",8
164,"serD|unassigned",9
165,"vulnD|storage",0
165,"serD|remoteAccess",1
165,"vulnD|storage",2
165,"serD|ATCcomm",3
165,"vulnD|storage",4
165,"vulnD|storage",5
165,"serD|unassigned",6
165,"infoD|broadcast",7
165,"surf|broadcast",8
165,"vulnD|storage",9
165,"serD|unassigned",10
166,"vulnD|storage",0
166,"vulnD|storage",1
166,"vulnD|storage",2
166,"serD|remoteAccess",3
166,"serD|ATCcomm",4
166,"vulnD|storage",5
166,"vulnD|remoteAccess",6
166,"vulnD|storage",7
166,"vulnD|storage",8
166,"serD|unassigned",9
166,"vulnD|storage",10
166,"serD|unassigned",11
167,"hostD|http(s)",0
167,"vulnD|storage",1
167,"serD|remoteAccess",2
167,"hostD|http(s)",3
167,"vulnD|storage",4
167,"serD|ATCcomm",5
167,"vulnD|storage",6
167,"serD|unassigned",7
167,"vulnD|storage",8
167,"vulnD|storage",9
167,"serD|unassigned",10
167,"vulnD|storage",11
167,"serD|unassigned",12
168,"netDOS|http(s)",0
168,"infoD|http(s)",1
168,"surf|http(s)",2
168,"vulnD|storage",3
168,"serD|remoteAccess",4
168,"hostD|http(s)",5
169,"serD|remoteAccess",0
169,"vulnD|storage",1
169,"serD|remoteAccess",2
169,"hostD|hostingServer",3
170,"bfCred|email",0
170,"vulnD|storage",1
170,"serD|unassigned",2
170,"hostD|http(s)",3
171,"vulnD|storage",0
171,"serD|unassigned",1
171,"vulnD|storage",2
171,"serD|unassigned",3
171,"vulnD|storage",4
171,"serD|unassigned",5
172,"vulnD|storage",0
172,"serD|ATCcomm",1
172,"infoD|unassigned",2
172,"vulnD|storage",3
172,"serD|unassigned",4
172,"hostD|http(s)",5
172,"vulnD|storage",6
172,"serD|unassigned",7
173,"vulnD|storage",0
173,"serD|unassigned",1
173,"vulnD|storage",2
173,"serD|unassigned",3
174,"vulnD|storage",0
174,"serD|ATCcomm",1
174,"vulnD|storage",2
174,"serD|unassigned",3
174,"vulnD|storage",4
174,"serD|ATCcomm",5
174,"vulnD|storage",6
174,"serD|unassigned",7
175,"vulnD|storage",0
175,"serD|ATCcomm",1
175,"vulnD|storage",2
175,"serD|unassigned",3
175,"vulnD|storage",4
175,"serD|storage",5
175,"vulnD|storage",6
175,"serD|unassigned",7
176,"vulnD|storage",0
176,"serD|unassigned",1
176,"vulnD|storage",2
176,"serD|unassigned",3
176,"vulnD|storage",4
176,"serD|unassigned",5
176,"vulnD|storage",6
176,"serD|unassigned",7
176,"vulnD|storage",8
176,"serD|unassigned",9
177,"vulnD|storage",0
177,"serD|unassigned",1
177,"vulnD|storage",2
177,"serD|unassigned",3
178,"vulnD|storage",0
178,"serD|unassigned",1
178,"vulnD|storage",2
178,"serD|unassigned",3
179,"vulnD|storage",0
179,"serD|storage",1
179,"hostD|remoteAccess",2
179,"vulnD|storage",3
179,"serD|unassigned",4
179,"hostD|http(s)",5
179,"vulnD|storage",6
179,"serD|unassigned",7
180,"vulnD|storage",0
180,"serD|remoteAccess",1
180,"vulnD|storage",2
180,"serD|unassigned",3
181,"vulnD|storage",0
181,"serD|remoteAccess",1
181,"hostD|http(s)",2
181,"hostD|http(s)",3
181,"vulnD|storage",4
181,"serD|unassigned",5
182,"hostD|http(s)",0
182,"vulnD|storage",1
182,"serD|unassigned",2
182,"vulnD|storage",3
182,"serD|ATCcomm",4
182,"hostD|http(s)",5
183,"CnC|http(s)",0
183,"CnC|http(s)",1
183,"CnC|http(s)",2
184,"exfil|unassigned",0
184,"exfil|unassigned",1
184,"infoD|unassigned",2
185,"exfil|unassigned",0
185,"infoD|unassigned",1
185,"vulnD|storage",2
185,"serD|unassigned",3
186,"uPrivEsc|hostingServer",0
186,"vulnD|storage",1
186,"serD|unassigned",2
187,"infoD|unassigned",0
187,"vulnD|storage",1
187,"serD|unassigned",2
187,"vulnD|storage",3
187,"serD|unassigned",4
187,"infoD|http(s)",5
187,"hostD|remoteAccess",6
187,"vulnD|storage",7
187,"serD|unassigned",8
187,"vulnD|storage",9
187,"serD|unassigned",10
187,"vulnD|storage",11
187,"serD|surveillance",12
187,"infoD|http(s)",13
188,"infoD|http(s)",0
188,"infoD|http(s)",1
188,"vulnD|storage",2
188,"serD|unassigned",3
188,"infoD|http(s)",4
189,"vulnD|storage",0
189,"serD|unassigned",1
189,"vulnD|storage",2
189,"serD|unassigned",3
189,"vulnD|storage",4
189,"serD|unassigned",5
189,"infoD|unassigned",6
190,"vulnD|storage",0
190,"serD|unassigned",1
190,"vulnD|storage",2
190,"serD|unassigned",3
190,"vulnD|storage",4
190,"serD|unassigned",5
191,"vulnD|storage",0
191,"serD|unassigned",1
191,"vulnD|storage",2
191,"serD|unassigned",3
191,"vulnD|storage",4
191,"serD|unassigned",5
192,"vulnD|storage",0
192,"serD|unassigned",1
192,"vulnD|storage",2
192,"serD|unassigned",3
192,"vulnD|storage",4
192,"serD|unassigned",5
193,"vulnD|storage",0
193,"serD|unassigned",1
193,"infoD|unassigned",2
193,"vulnD|storage",3
193,"serD|unassigned",4
193,"vulnD|storage",5
193,"serD|unassigned",6
193,"vulnD|storage",7
193,"serD|ATCcomm",8
193,"vulnD|storage",9
193,"serD|unassigned",10
194,"vulnD|storage",0
194,"serD|unassigned",1
194,"vulnD|storage",2
194,"serD|unassigned",3
194,"vulnD|storage",4
194,"serD|unassigned",5
195,"vulnD|storage",0
195,"serD|unassigned",1
195,"vulnD|storage",2
195,"serD|unassigned",3
195,"vulnD|storage",4
195,"serD|unassigned",5
196,"vulnD|storage",0
196,"serD|unassigned",1
196,"vulnD|storage",2
196,"serD|unassigned",3
196,"vulnD|storage",4
196,"serD|unassigned",5
197,"infoD|unassigned",0
197,"vulnD|storage",1
197,"serD|unassigned",2
197,"infoD|unassigned",3
197,"vulnD|storage",4
197,"serD|unassigned",5
197,"vulnD|storage",6
197,"serD|unassigned",7
197,"vulnD|storage",8
197,"serD|unassigned",9
197,"vulnD|storage",10
197,"serD|unassigned",11
198,"vulnD|storage",0
198,"serD|unassigned",1
198,"vulnD|storage",2
198,"serD|unassigned",3
198,"vulnD|storage",4
198,"serD|unassigned",5
199,"vulnD|storage",0
199,"serD|unassigned",1
199,"infoD|unassigned",2
200,"hostD|remoteAccess",0
200,"vulnD|voip",1
200,"vulnD|storage",2
200,"serD|ATCcomm",3
201,"CnC|http(s)",0
201,"infoD|http(s)",1
201,"infoD|http(s)",2
202,"vulnD|storage",0
202,"serD|unassigned",1
202,"hostD|http(s)",2
203,"vulnD|storage",0
203,"serD|unassigned",1
203,"hostD|surveillance",2
204,"uPrivEsc|hostingServer",0
204,"vulnD|storage",1
204,"serD|unassigned",2
204,"hostD|wireless",3
205,"vulnD|storage",0
205,"serD|unassigned",1
205,"hostD|http(s)",2
206,"vulnD|storage",0
206,"serD|unassigned",1
206,"hostD|unassigned",2
207,"bfCred|email",0
207,"vulnD|storage",1
207,"serD|unassigned",2
207,"hostD|http(s)",3
208,"hostD|remoteAccess",0
208,"infoD|remoteAccess",1
208,"hostD|http(s)",2
208,"vulnD|storage",3
208,"serD|unassigned",4
208,"vulnD|storage",5
208,"serD|unassigned",6
208,"hostD|http(s)",7
209,"hostD|http(s)",0
209,"vulnD|http(s)",1
209,"serD|ATCcomm",2
209,"hostD|remoteAccess",3
209,"infoD|remoteAccess",4
209,"vulnD|storage",5
209,"serD|unassigned",6
209,"vulnD|storage",7
209,"serD|unassigned",8
209,"vulnD|storage",9
209,"serD|unassigned",10
210,"hostD|http(s)",0
210,"vulnD|storage",1
210,"serD|ATCcomm",2
210,"hostD|remoteAccess",3
210,"infoD|remoteAccess",4
210,"vulnD|storage",5
210,"serD|unassigned",6
210,"vulnD|storage",7
210,"serD|unassigned",8
210,"vulnD|storage",9
210,"serD|unassigned",10
211,"vulnD|storage",0
211,"serD|ATCcomm",1
211,"hostD|remoteAccess",2
211,"infoD|remoteAccess",3
211,"vulnD|storage",4
211,"serD|unassigned",5
211,"vulnD|storage",6
211,"serD|unassigned",7
211,"vulnD|storage",8
211,"serD|unassigned",9
212,"hostD|http(s)",0
212,"vulnD|storage",1
212,"serD|ATCcomm",2
212,"hostD|remoteAccess",3
212,"infoD|remoteAccess",4
212,"hostD|http(s)",5
212,"serD|voip",6
212,"vulnD|storage",7
212,"serD|unassigned",8
212,"vulnD|storage",9
212,"serD|unassigned",10
212,"vulnD|storage",11
212,"serD|unassigned",12
212,"hostD|http(s)",13
213,"vulnD|storage",0
213,"serD|ATCcomm",1
213,"hostD|remoteAccess",2
213,"infoD|remoteAccess",3
213,"vulnD|storage",4
213,"serD|unassigned",5
213,"vulnD|storage",6
213,"serD|unassigned",7
213,"vulnD|storage",8
213,"serD|unassigned",9
214,"vulnD|storage",0
214,"serD|ATCcomm",1
214,"hostD|remoteAccess",2
214,"infoD|remoteAccess",3
214,"vulnD|storage",4
214,"serD|unassigned",5
214,"vulnD|storage",6
214,"serD|unassigned",7
214,"vulnD|storage",8
214,"serD|unassigned",9
215,"hostD|remoteAccess",0
215,"infoD|remoteAccess",1
215,"vulnD|storage",2
215,"serD|unassigned",3
215,"vulnD|storage",4
215,"serD|unassigned",5
215,"vulnD|storage",6
215,"serD|unassigned",7
216,"bfCred|email",0
216,"vulnD|storage",1
216,"serD|unassigned",2
216,"hostD|http(s)",3
217,"bfCred|email",0
217,"vulnD|storage",1
217,"serD|unassigned",2
217,"vulnD|storage",3
217,"serD|unassigned",4
218,"infoD|email",0
218,"infoD|remoteAccess",1
218,"hostD|remoteAccess",2
218,"hostD|http(s)",3
219,"hostD|remoteAccess",0
219,"infoD|remoteAccess",1
219,"hostD|unassigned",2
219,"vulnD|storage",3
219,"serD|unassigned",4
219,"vulnD|storage",5
219,"serD|unassigned",6
219,"vulnD|storage",7
219,"serD|unassigned",8
219,"hostD|unassigned",9
220,"hostD|remoteAccess",0
220,"infoD|remoteAccess",1
220,"hostD|http(s)",2
220,"vulnD|storage",3
220,"serD|unassigned",4
220,"vulnD|storage",5
220,"serD|unassigned",6
220,"vulnD|storage",7
220,"serD|unassigned",8
220,"hostD|http(s)",9
221,"hostD|remoteAccess",0
221,"infoD|remoteAccess",1
221,"hostD|surveillance",2
221,"vulnD|storage",3
221,"serD|unassigned",4
221,"vulnD|storage",5
221,"vulnD|storage",6
221,"serD|unassigned",7
221,"hostD|surveillance",8
222,"vulnD|storage",0
222,"serD|ATCcomm",1
222,"hostD|remoteAccess",2
222,"infoD|remoteAccess",3
222,"vulnD|storage",4
222,"serD|unassigned",5
222,"vulnD|storage",6
222,"serD|unassigned",7
222,"vulnD|storage",8
222,"serD|unassigned",9
223,"vulnD|storage",0
223,"serD|ATCcomm",1
223,"hostD|remoteAccess",2
223,"infoD|remoteAccess",3
223,"vulnD|storage",4
223,"serD|unassigned",5
223,"vulnD|storage",6
223,"serD|unassigned",7
223,"vulnD|storage",8
223,"serD|unassigned",9
224,"vulnD|storage",0
224,"vulnD|storage",1
224,"serD|ATCcomm",2
224,"hostD|remoteAccess",3
224,"infoD|remoteAccess",4
224,"vulnD|storage",5
224,"serD|unassigned",6
224,"vulnD|storage",7
224,"serD|unassigned",8
224,"vulnD|storage",9
224,"serD|unassigned",10
225,"vulnD|storage",0
225,"serD|ATCcomm",1
225,"hostD|remoteAccess",2
225,"infoD|remoteAccess",3
225,"vulnD|storage",4
225,"serD|unassigned",5
225,"vulnD|storage",6
225,"serD|unassigned",7
225,"vulnD|storage",8
225,"serD|unassigned",9
226,"hostD|remoteAccess",0
226,"infoD|remoteAccess",1
226,"hostD|http(s)",2
226,"vulnD|storage",3
226,"serD|unassigned",4
226,"vulnD|storage",5
226,"serD|unassigned",6
226,"vulnD|storage",7
226,"serD|unassigned",8
226,"hostD|http(s)",9
227,"hostD|http(s)",0
227,"vulnD|storage",1
227,"serD|ATCcomm",2
227,"hostD|remoteAccess",3
227,"infoD|remoteAccess",4
227,"hostD|http(s)",5
227,"vulnD|storage",6
227,"serD|unassigned",7
227,"vulnD|storage",8
227,"serD|unassigned",9
227,"vulnD|storage",10
227,"serD|unassigned",11
227,"hostD|http(s)",12
228,"hostD|remoteAccess",0
228,"infoD|remoteAccess",1
228,"vulnD|storage",2
228,"serD|unassigned",3
228,"vulnD|storage",4
228,"serD|unassigned",5
228,"vulnD|storage",6
228,"serD|unassigned",7
229,"delivery|http(s)",0
229,"exfil|http(s)",1
229,"dManip|http(s)",2
229,"resHJ|http(s)",3
229,"ACE|http(s)",4
229,"CnC|http(s)",5
229,"remoteexp|http(s)",6
229,"acctManip|http(s)",7
229,"rPrivEsc|http(s)",8
229,"infoD|http(s)",9
229,"vulnD|storage",10
229,"serD|unassigned",11
229,"hostD|http(s)",12
229,"surf|http(s)",13
230,"delivery|http(s)",0
230,"exfil|http(s)",1
230,"dManip|http(s)",2
230,"resHJ|http(s)",3
230,"ACE|http(s)",4
230,"CnC|http(s)",5
230,"remoteexp|http(s)",6
230,"acctManip|http(s)",7
230,"rPrivEsc|http(s)",8
230,"infoD|http(s)",9
230,"vulnD|storage",10
230,"serD|unassigned",11
230,"hostD|http(s)",12
230,"surf|http(s)",13
231,"delivery|remoteAccess",0
231,"exfil|remoteAccess",1
231,"dManip|remoteAccess",2
231,"resHJ|remoteAccess",3
231,"ACE|remoteAccess",4
231,"remoteexp|remoteAccess",5
231,"acctManip|remoteAccess",6
231,"rPrivEsc|remoteAccess",7
231,"infoD|remoteAccess",8
231,"vulnD|remoteAccess",9
231,"surf|remoteAccess",10
231,"hostD|remoteAccess",11
232,"vulnD|storage",0
232,"serD|unassigned",1
232,"vulnD|storage",2
232,"serD|unassigned",3
232,"vulnD|storage",4
232,"serD|unassigned",5
233,"vulnD|storage",0
233,"serD|unassigned",1
233,"vulnD|storage",2
233,"serD|unassigned",3
233,"vulnD|storage",4
233,"serD|unassigned",5
234,"vulnD|storage",0
234,"serD|unassigned",1
234,"vulnD|storage",2
234,"serD|unassigned",3
234,"vulnD|storage",4
234,"serD|unassigned",5
234,"vulnD|storage",6
234,"serD|unassigned",7
235,"vulnD|storage",0
235,"serD|unassigned",1
235,"vulnD|storage",2
235,"serD|unassigned",3
236,"vulnD|storage",0
236,"serD|unassigned",1
236,"vulnD|storage",2
236,"serD|unassigned",3
237,"vulnD|storage",0
237,"serD|storage",1
237,"vulnD|storage",2
237,"serD|unassigned",3
237,"vulnD|storage",4
237,"serD|unassigned",5
238,"vulnD|storage",0
238,"serD|unassigned",1
238,"vulnD|storage",2
238,"serD|unassigned",3
238,"vulnD|storage",4
238,"serD|unassigned",5
238,"vulnD|storage",6
238,"serD|unassigned",7
239,"vulnD|storage",0
239,"serD|unassigned",1
239,"vulnD|storage",2
239,"serD|unassigned",3
239,"vulnD|storage",4
239,"serD|unassigned",5
240,"infoD|http(s)",0
240,"vulnD|storage",1
240,"serD|unassigned",2
240,"vulnD|storage",3
240,"serD|unassigned",4
240,"vulnD|storage",5
240,"serD|unassigned",6
241,"vulnD|storage",0
241,"serD|unassigned",1
241,"vulnD|storage",2
241,"serD|unassigned",3
242,"exfil|http(s)",0
242,"ACE|http(s)",1
242,"infoD|http(s)",2
242,"vulnD|storage",3
242,"serD|unassigned",4
242,"hostD|http(s)",5
243,"delivery|wireless",0
243,"exfil|wireless",1
243,"dManip|wireless",2
243,"resHJ|wireless",3
243,"ACE|wireless",4
243,"remoteexp|wireless",5
243,"acctManip|wireless",6
243,"rPrivEsc|wireless",7
243,"infoD|wireless",8
243,"vulnD|wireless",9
243,"surf|wireless",10
243,"hostD|wireless",11
244,"delivery|http(s)",0
244,"exfil|http(s)",1
244,"dManip|http(s)",2
244,"resHJ|http(s)",3
244,"ACE|http(s)",4
244,"CnC|http(s)",5
244,"remoteexp|http(s)",6
244,"acctManip|http(s)",7
244,"rPrivEsc|http(s)",8
244,"infoD|http(s)",9
244,"vulnD|storage",10
244,"serD|unassigned",11
244,"hostD|http(s)",12
244,"surf|http(s)",13
245,"delivery|http(s)",0
245,"exfil|http(s)",1
245,"dManip|http(s)",2
245,"resHJ|http(s)",3
245,"ACE|http(s)",4
245,"CnC|http(s)",5
245,"remoteexp|http(s)",6
245,"acctManip|http(s)",7
245,"rPrivEsc|http(s)",8
245,"infoD|http(s)",9
245,"vulnD|storage",10
245,"serD|unassigned",11
245,"hostD|http(s)",12
245,"surf|http(s)",13
246,"delivery|unassigned",0
246,"exfil|unassigned",1
246,"dManip|unassigned",2
246,"resHJ|unassigned",3
246,"ACE|unassigned",4
246,"remoteexp|unassigned",5
246,"acctManip|unassigned",6
246,"rPrivEsc|unassigned",7
246,"infoD|unassigned",8
246,"vulnD|unassigned",9
246,"surf|unassigned",10
246,"hostD|unassigned",11
247,"delivery|http(s)",0
247,"exfil|http(s)",1
247,"dManip|http(s)",2
247,"resHJ|http(s)",3
247,"ACE|http(s)",4
247,"CnC|http(s)",5
247,"remoteexp|http(s)",6
247,"acctManip|http(s)",7
247,"rPrivEsc|http(s)",8
247,"infoD|http(s)",9
247,"vulnD|storage",10
247,"serD|unassigned",11
247,"hostD|http(s)",12
247,"surf|http(s)",13
248,"delivery|http(s)",0
248,"exfil|http(s)",1
248,"dManip|http(s)",2
248,"resHJ|http(s)",3
248,"ACE|http(s)",4
248,"CnC|http(s)",5
248,"remoteexp|http(s)",6
248,"acctManip|http(s)",7
248,"rPrivEsc|http(s)",8
248,"infoD|http(s)",9
248,"vulnD|storage",10
248,"serD|unassigned",11
248,"hostD|http(s)",12
248,"surf|http(s)",13
249,"exfil|hostingServer",0
249,"dManip|hostingServer",1
249,"resHJ|hostingServer",2
249,"ACE|hostingServer",3
249,"remoteexp|hostingServer",4
249,"acctManip|hostingServer",5
249,"rPrivEsc|hostingServer",6
249,"infoD|hostingServer",7
249,"vulnD|hostingServer",8
249,"surf|hostingServer",9
249,"hostD|hostingServer",10
250,"serD|remoteAccess",0
250,"serD|remoteAccess",1
250,"serD|remoteAccess",2
251,"resHJ|surveillance",0
251,"exfil|surveillance",1
251,"dManip|surveillance",2
251,"ACE|surveillance",3
251,"remoteexp|surveillance",4
251,"acctManip|surveillance",5
251,"rPrivEsc|surveillance",6
251,"infoD|surveillance",7
251,"vulnD|surveillance",8
251,"surf|surveillance",9
251,"hostD|surveillance",10
251,"vulnD|storage",11
251,"serD|unassigned",12
252,"delivery|http(s)",0
252,"exfil|http(s)",1
252,"dManip|http(s)",2
252,"resHJ|http(s)",3
252,"ACE|http(s)",4
252,"CnC|http(s)",5
252,"remoteexp|http(s)",6
252,"acctManip|http(s)",7
252,"rPrivEsc|http(s)",8
252,"infoD|http(s)",9
252,"vulnD|storage",10
252,"serD|unassigned",11
252,"hostD|http(s)",12
252,"surf|http(s)",13
253,"delivery|http(s)",0
253,"exfil|http(s)",1
253,"dManip|http(s)",2
253,"resHJ|http(s)",3
253,"ACE|http(s)",4
253,"remoteexp|http(s)",5
253,"acctManip|http(s)",6
253,"rPrivEsc|http(s)",7
253,"infoD|http(s)",8
253,"vulnD|storage",9
253,"hostD|http(s)",10
253,"surf|http(s)",11
254,"exfil|http(s)",0
254,"dManip|http(s)",1
254,"resHJ|http(s)",2
254,"ACE|http(s)",3
254,"CnC|http(s)",4
254,"remoteexp|http(s)",5
254,"acctManip|http(s)",6
254,"rPrivEsc|http(s)",7
254,"infoD|http(s)",8
254,"hostD|http(s)",9
254,"surf|http(s)",10
255,"delivery|http(s)",0
255,"exfil|http(s)",1
255,"dManip|http(s)",2
255,"resHJ|http(s)",3
255,"ACE|http(s)",4
255,"CnC|http(s)",5
255,"remoteexp|http(s)",6
255,"acctManip|http(s)",7
255,"rPrivEsc|http(s)",8
255,"infoD|http(s)",9
255,"vulnD|storage",10
255,"serD|unassigned",11
255,"hostD|http(s)",12
255,"surf|http(s)",13
256,"delivery|http(s)",0
256,"exfil|http(s)",1
256,"dManip|http(s)",2
256,"resHJ|http(s)",3
256,"ACE|http(s)",4
256,"CnC|http(s)",5
256,"remoteexp|http(s)",6
256,"acctManip|http(s)",7
256,"rPrivEsc|http(s)",8
256,"infoD|http(s)",9
256,"vulnD|storage",10
256,"serD|unassigned",11
256,"hostD|http(s)",12
256,"surf|http(s)",13
257,"delivery|http(s)",0
257,"exfil|http(s)",1
257,"dManip|http(s)",2
257,"resHJ|http(s)",3
257,"ACE|http(s)",4
257,"remoteexp|http(s)",5
257,"acctManip|http(s)",6
257,"rPrivEsc|http(s)",7
257,"infoD|http(s)",8
257,"vulnD|storage",9
257,"hostD|http(s)",10
257,"surf|http(s)",11
258,"exfil|http(s)",0
258,"ACE|http(s)",1
258,"infoD|http(s)",2
258,"vulnD|storage",3
258,"serD|unassigned",4
258,"hostD|http(s)",5
259,"delivery|wireless",0
259,"exfil|wireless",1
259,"dManip|wireless",2
259,"resHJ|wireless",3
259,"ACE|wireless",4
259,"remoteexp|wireless",5
259,"acctManip|wireless",6
259,"rPrivEsc|wireless",7
259,"infoD|wireless",8
259,"vulnD|wireless",9
259,"surf|wireless",10
259,"hostD|wireless",11
260,"exfil|http(s)",0
260,"dManip|http(s)",1
260,"ACE|http(s)",2
260,"remoteexp|http(s)",3
260,"acctManip|http(s)",4
260,"rPrivEsc|http(s)",5
260,"infoD|http(s)",6
260,"vulnD|storage",7
260,"serD|unassigned",8
260,"hostD|http(s)",9
260,"surf|http(s)",10
261,"exfil|hostingServer",0
261,"ACE|hostingServer",1
261,"rPrivEsc|hostingServer",2
261,"infoD|hostingServer",3
261,"hostD|hostingServer",4
262,"dManip|hostingServer",0
262,"resHJ|hostingServer",1
262,"remoteexp|hostingServer",2
262,"acctManip|hostingServer",3
262,"surf|hostingServer",4
263,"exfil|surveillance",0
263,"ACE|surveillance",1
263,"rPrivEsc|surveillance",2
263,"infoD|surveillance",3
263,"vulnD|surveillance",4
263,"hostD|surveillance",5
263,"vulnD|storage",6
263,"serD|unassigned",7
264,"dManip|surveillance",0
264,"resHJ|surveillance",1
264,"remoteexp|surveillance",2
264,"acctManip|surveillance",3
265,"vulnD|storage",0
265,"serD|unassigned",1
265,"vulnD|storage",2
265,"serD|unassigned",3
266,"vulnD|storage",0
266,"serD|unassigned",1
266,"vulnD|storage",2
266,"serD|unassigned",3
267,"vulnD|storage",0
267,"serD|unassigned",1
267,"vulnD|storage",2
267,"serD|unassigned",3
268,"vulnD|storage",0
268,"serD|unassigned",1
268,"vulnD|storage",2
268,"serD|unassigned",3
269,"vulnD|storage",0
269,"serD|unassigned",1
269,"vulnD|storage",2
269,"serD|unassigned",3
270,"delivery|http(s)",0
270,"exfil|http(s)",1
270,"dManip|http(s)",2
270,"resHJ|http(s)",3
270,"ACE|http(s)",4
270,"CnC|http(s)",5
270,"remoteexp|http(s)",6
270,"acctManip|http(s)",7
270,"rPrivEsc|http(s)",8
270,"infoD|http(s)",9
270,"serD|unassigned",10
270,"hostD|http(s)",11
270,"surf|http(s)",12
270,"vulnD|http(s)",13
270,"vulnD|storage",14
270,"serD|unassigned",15
271,"vulnD|storage",0
271,"serD|unassigned",1
271,"vulnD|storage",2
271,"serD|unassigned",3
272,"delivery|http(s)",0
272,"exfil|http(s)",1
272,"dManip|http(s)",2
272,"resHJ|http(s)",3
272,"ACE|http(s)",4
272,"CnC|http(s)",5
272,"remoteexp|http(s)",6
272,"acctManip|http(s)",7
272,"rPrivEsc|http(s)",8
272,"infoD|http(s)",9
272,"serD|unassigned",10
272,"hostD|http(s)",11
272,"surf|http(s)",12
272,"vulnD|http(s)",13
272,"vulnD|storage",14
272,"serD|unassigned",15
273,"vulnD|storage",0
273,"serD|unassigned",1
273,"vulnD|storage",2
273,"serD|unassigned",3
274,"vulnD|storage",0
274,"vulnD|storage",1
274,"vulnD|storage",2
275,"CnC|http(s)",0
275,"infoD|http(s)",1
275,"infoD|http(s)",2
276,"vulnD|storage",0
276,"serD|ATCcomm",1
276,"vulnD|storage",2
276,"serD|ATCcomm",3
276,"hostD|http(s)",4
276,"vulnD|storage",5
276,"serD|ATCcomm",6
276,"hostD|http(s)",7
276,"vulnD|storage",8
276,"serD|unassigned",9
276,"serD|remoteAccess",10
276,"hostD|http(s)",11
276,"vulnD|storage",12
276,"serD|unassigned",13
276,"serD|remoteAccess",14
276,"hostD|http(s)",15
276,"vulnD|storage",16
276,"serD|unassigned",17
276,"vulnD|storage",18
276,"serD|unassigned",19
276,"hostD|http(s)",20
276,"serD|unassigned",21
276,"vulnD|storage",22
276,"serD|remoteAccess",23
276,"hostD|http(s)",24
277,"bfCred|email",0
277,"serD|remoteAccess",1
277,"vulnD|storage",2
277,"serD|remoteAccess",3
277,"hostD|http(s)",4
278,"bfCred|email",0
278,"vulnD|storage",1
278,"serD|unassigned",2
278,"hostD|http(s)",3
279,"bfCred|email",0
279,"serD|remoteAccess",1
279,"hostD|http(s)",2
280,"rPrivEsc|email",0
280,"serD|remoteAccess",1
280,"hostD|http(s)",2
280,"vulnD|storage",3
280,"serD|unassigned",4
281,"serD|remoteAccess",0
281,"hostD|unassigned",1
281,"vulnD|storage",2
281,"serD|unassigned",3
281,"hostD|unassigned",4
281,"serD|remoteAccess",5
281,"vulnD|storage",6
281,"serD|remoteAccess",7
281,"hostD|http(s)",8
282,"exfil|unassigned",0
282,"infoD|unassigned",1
282,"serD|remoteAccess",2
282,"hostD|wireless",3
282,"vulnD|storage",4
282,"serD|unassigned",5
282,"hostD|wireless",6
282,"serD|unassigned",7
282,"vulnD|storage",8
282,"serD|remoteAccess",9
282,"hostD|http(s)",10
283,"exfil|unassigned",0
283,"hostD|wireless",1
283,"vulnD|storage",2
283,"serD|unassigned",3
284,"serD|remoteAccess",0
284,"hostD|hostingServer",1
284,"vulnD|storage",2
284,"serD|unassigned",3
284,"serD|remoteAccess",4
284,"hostD|hostingServer",5
284,"vulnD|storage",6
284,"serD|unassigned",7
284,"hostD|hostingServer",8
284,"serD|remoteAccess",9
284,"vulnD|storage",10
284,"serD|remoteAccess",11
284,"hostD|http(s)",12
285,"hostD|http(s)",0
285,"vulnD|storage",1
285,"serD|unassigned",2
285,"hostD|http(s)",3
285,"vulnD|storage",4
285,"serD|unassigned",5
285,"vulnD|storage",6
285,"serD|unassigned",7
285,"hostD|http(s)",8
285,"serD|unassigned",9
285,"vulnD|storage",10
285,"serD|remoteAccess",11
285,"hostD|http(s)",12
286,"vulnD|storage",0
286,"vulnD|storage",1
286,"serD|unassigned",2
286,"vulnD|storage",3
286,"serD|ATCcomm",4
286,"vulnD|voip",5
286,"serD|remoteAccess",6
286,"hostD|http(s)",7
286,"vulnD|storage",8
286,"hostD|http(s)",9
286,"vulnD|storage",10
286,"serD|unassigned",11
286,"vulnD|voip",12
286,"serD|remoteAccess",13
286,"hostD|remoteAccess",14
286,"vulnD|storage",15
286,"serD|unassigned",16
286,"vulnD|voip",17
286,"serD|remoteAccess",18
286,"hostD|remoteAccess",19
286,"serD|voip",20
286,"vulnD|storage",21
286,"serD|unassigned",22
286,"hostD|remoteAccess",23
286,"serD|unassigned",24
286,"vulnD|storage",25
286,"serD|remoteAccess",26
286,"hostD|http(s)",27
287,"exfil|unassigned",0
287,"infoD|unassigned",1
287,"hostD|surveillance",2
287,"vulnD|storage",3
287,"serD|unassigned",4
287,"hostD|surveillance",5
287,"vulnD|storage",6
287,"serD|remoteAccess",7
287,"serD|remoteAccess",8
288,"exfil|unassigned",0
288,"infoD|unassigned",1
288,"hostD|surveillance",2
288,"vulnD|storage",3
288,"serD|unassigned",4
289,"vulnD|storage",0
289,"serD|ATCcomm",1
289,"vulnD|storage",2
289,"serD|ATCcomm",3
289,"vulnD|storage",4
289,"serD|ATCcomm",5
289,"vulnD|storage",6
289,"serD|unassigned",7
289,"vulnD|storage",8
289,"serD|unassigned",9
289,"serD|remoteAccess",10
289,"vulnD|storage",11
289,"serD|unassigned",12
289,"serD|remoteAccess",13
289,"vulnD|storage",14
289,"serD|unassigned",15
289,"vulnD|storage",16
289,"serD|unassigned",17
289,"serD|remoteAccess",18
290,"vulnD|storage",0
290,"serD|ATCcomm",1
290,"vulnD|storage",2
290,"serD|ATCcomm",3
290,"vulnD|storage",4
290,"serD|ATCcomm",5
290,"serD|remoteAccess",6
290,"vulnD|storage",7
290,"serD|unassigned",8
290,"vulnD|storage",9
290,"serD|unassigned",10
290,"serD|remoteAccess",11
290,"vulnD|storage",12
290,"serD|unassigned",13
290,"serD|remoteAccess",14
290,"vulnD|storage",15
290,"serD|unassigned",16
290,"vulnD|storage",17
290,"serD|remoteAccess",18
290,"serD|remoteAccess",19
291,"vulnD|storage",0
291,"serD|ATCcomm",1
291,"vulnD|storage",2
291,"serD|ATCcomm",3
291,"vulnD|storage",4
291,"serD|ATCcomm",5
291,"vulnD|storage",6
291,"serD|unassigned",7
291,"serD|remoteAccess",8
291,"vulnD|storage",9
291,"serD|unassigned",10
291,"serD|remoteAccess",11
291,"vulnD|storage",12
291,"serD|unassigned",13
291,"vulnD|storage",14
291,"serD|remoteAccess",15
291,"serD|remoteAccess",16
292,"vulnD|storage",0
292,"serD|ATCcomm",1
292,"vulnD|storage",2
292,"serD|ATCcomm",3
292,"vulnD|storage",4
292,"serD|ATCcomm",5
292,"vulnD|storage",6
292,"serD|surveillance",7
292,"vulnD|storage",8
292,"serD|unassigned",9
292,"serD|remoteAccess",10
292,"vulnD|storage",11
292,"serD|unassigned",12
292,"serD|remoteAccess",13
292,"vulnD|storage",14
292,"serD|unassigned",15
292,"vulnD|storage",16
292,"serD|unassigned",17
292,"serD|remoteAccess",18
293,"vulnD|storage",0
293,"serD|ATCcomm",1
293,"vulnD|storage",2
293,"serD|ATCcomm",3
293,"vulnD|storage",4
293,"serD|ATCcomm",5
293,"serD|remoteAccess",6
293,"vulnD|storage",7
293,"serD|unassigned",8
293,"vulnD|storage",9
293,"serD|unassigned",10
293,"serD|remoteAccess",11
293,"vulnD|storage",12
293,"serD|unassigned",13
293,"serD|remoteAccess",14
293,"vulnD|storage",15
293,"serD|unassigned",16
293,"vulnD|storage",17
293,"serD|remoteAccess",18
293,"serD|remoteAccess",19
294,"vulnD|storage",0
294,"serD|ATCcomm",1
294,"vulnD|storage",2
294,"serD|ATCcomm",3
294,"vulnD|storage",4
294,"serD|ATCcomm",5
294,"serD|remoteAccess",6
294,"serD|remoteAccess",7
294,"vulnD|storage",8
294,"serD|unassigned",9
294,"vulnD|storage",10
294,"serD|unassigned",11
294,"vulnD|storage",12
294,"serD|remoteAccess",13
294,"vulnD|storage",14
294,"serD|unassigned",15
294,"serD|remoteAccess",16
294,"vulnD|storage",17
294,"serD|unassigned",18
294,"vulnD|storage",19
294,"serD|remoteAccess",20
294,"serD|remoteAccess",21
295,"serD|remoteAccess",0
295,"vulnD|storage",1
295,"serD|unassigned",2
295,"serD|remoteAccess",3
295,"vulnD|storage",4
295,"serD|unassigned",5
295,"vulnD|storage",6
295,"serD|remoteAccess",7
295,"serD|remoteAccess",8
296,"serD|remoteAccess",0
296,"vulnD|storage",1
296,"serD|unassigned",2
296,"serD|remoteAccess",3
296,"vulnD|storage",4
296,"serD|unassigned",5
296,"vulnD|storage",6
296,"serD|unassigned",7
296,"serD|remoteAccess",8
297,"vulnD|storage",0
297,"serD|ATCcomm",1
297,"vulnD|storage",2
297,"serD|ATCcomm",3
297,"vulnD|storage",4
297,"serD|ATCcomm",5
297,"serD|remoteAccess",6
297,"vulnD|storage",7
297,"serD|unassigned",8
297,"vulnD|storage",9
297,"serD|unassigned",10
297,"serD|remoteAccess",11
297,"vulnD|storage",12
297,"serD|unassigned",13
297,"serD|remoteAccess",14
297,"vulnD|storage",15
297,"serD|unassigned",16
297,"vulnD|storage",17
297,"serD|remoteAccess",18
297,"serD|remoteAccess",19
298,"vulnD|storage",0
298,"serD|ATCcomm",1
298,"vulnD|storage",2
298,"serD|ATCcomm",3
298,"vulnD|storage",4
298,"serD|ATCcomm",5
298,"serD|remoteAccess",6
298,"vulnD|storage",7
298,"serD|unassigned",8
298,"vulnD|storage",9
298,"serD|unassigned",10
298,"serD|remoteAccess",11
298,"vulnD|storage",12
298,"serD|unassigned",13
298,"serD|remoteAccess",14
298,"vulnD|storage",15
298,"serD|unassigned",16
298,"vulnD|storage",17
298,"serD|remoteAccess",18
298,"serD|remoteAccess",19
299,"vulnD|storage",0
299,"serD|unassigned",1
299,"hostD|hostingServer",2
299,"vulnD|storage",3
299,"serD|storage",4
300,"exfil|unassigned",0
300,"infoD|unassigned",1
300,"vulnD|storage",2
300,"serD|unassigned",3
300,"vulnD|storage",4
300,"serD|storage",5
301,"CnC|unassigned",0
301,"infoD|unassigned",1
301,"infoD|unassigned",2
301,"infoD|unassigned",3
302,"vulnD|storage",0
302,"serD|unassigned",1
302,"vulnD|storage",2
302,"serD|unassigned",3
303,"vulnD|storage",0
303,"serD|unassigned",1
303,"vulnD|storage",2
303,"serD|unassigned",3
304,"hostD|http(s)",0
304,"vulnD|storage",1
304,"serD|unassigned",2
304,"vulnD|storage",3
304,"serD|unassigned",4
304,"hostD|http(s)",5
305,"vulnD|storage",0
305,"serD|unassigned",1
305,"vulnD|storage",2
305,"serD|unassigned",3
306,"vulnD|storage",0
306,"vulnD|storage",1
306,"vulnD|storage",2
306,"serD|unassigned",3
307,"exfil|broadcast",0
307,"vulnD|storage",1
307,"serD|unassigned",2
308,"delivery|http(s)",0
308,"exfil|http(s)",1
308,"dManip|http(s)",2
308,"resHJ|http(s)",3
308,"netDOS|http(s)",4
308,"ACE|http(s)",5
308,"CnC|http(s)",6
308,"remoteexp|http(s)",7
308,"acctManip|http(s)",8
308,"rPrivEsc|http(s)",9
308,"infoD|http(s)",10
308,"vulnD|http(s)",11
308,"surf|http(s)",12
309,"resHJ|http(s)",0
309,"netDOS|http(s)",1
309,"infoD|http(s)",2
309,"vulnD|storage",3
309,"serD|remoteAccess",4
309,"hostD|http(s)",5
310,"resHJ|http(s)",0
310,"netDOS|http(s)",1
310,"infoD|http(s)",2
311,"resHJ|http(s)",0
311,"netDOS|http(s)",1
311,"infoD|http(s)",2
311,"vulnD|voip",3
311,"serD|voip",4
311,"vulnD|voip",5
311,"serD|remoteAccess",6
311,"hostD|http(s)",7
311,"vulnD|storage",8
311,"serD|unassigned",9
311,"surf|remoteAccess",10
312,"hostD|http(s)",0
312,"vulnD|storage",1
312,"serD|unassigned",2
312,"hostD|http(s)",3
312,"vulnD|storage",4
312,"serD|unassigned",5
313,"resHJ|http(s)",0
313,"netDOS|http(s)",1
313,"infoD|http(s)",2
313,"vulnD|storage",3
313,"serD|ATCcomm",4
313,"hostD|hostingServer",5
314,"resHJ|http(s)",0
314,"netDOS|http(s)",1
314,"infoD|http(s)",2
314,"hostD|hostingServer",3
314,"vulnD|storage",4
314,"serD|unassigned",5
314,"serD|unassigned",6
315,"resHJ|http(s)",0
315,"netDOS|http(s)",1
315,"infoD|http(s)",2
316,"vulnD|storage",0
316,"serD|unassigned",1
316,"vulnD|storage",2
316,"serD|unassigned",3
317,"vulnD|storage",0
317,"serD|unassigned",1
317,"vulnD|storage",2
317,"serD|unassigned",3
318,"acctManip|broadcast",0
318,"CnC|unassigned",1
318,"CnC|unassigned",2
318,"CnC|surveillance",3
318,"vulnD|storage",4
318,"serD|unassigned",5
319,"acctManip|broadcast",0
319,"vulnD|storage",1
319,"serD|unassigned",2
320,"vulnD|storage",0
320,"serD|unassigned",1
320,"vulnD|storage",2
320,"serD|unassigned",3
321,"acctManip|broadcast",0
321,"vulnD|storage",1
321,"serD|unassigned",2
322,"resHJ|http(s)",0
322,"netDOS|http(s)",1
322,"infoD|http(s)",2
322,"vulnD|storage",3
322,"serD|unassigned",4
323,"vulnD|storage",0
323,"serD|ATCcomm",1
323,"acctManip|broadcast",2
324,"vulnD|storage",0
324,"serD|unassigned",1
324,"acctManip|broadcast",2
325,"vulnD|storage",0
325,"serD|unassigned",1
325,"acctManip|broadcast",2
326,"vulnD|storage",0
326,"serD|ATCcomm",1
326,"acctManip|broadcast",2
327,"vulnD|storage",0
327,"serD|unassigned",1
327,"acctManip|broadcast",2
328,"vulnD|storage",0
328,"serD|unassigned",1
328,"vulnD|storage",2
328,"serD|unassigned",3
329,"vulnD|storage",0
329,"serD|unassigned",1
329,"vulnD|storage",2
329,"serD|unassigned",3
330,"vulnD|storage",0
330,"serD|surveillance",1
330,"vulnD|storage",2
330,"serD|ATCcomm",3
331,"vulnD|storage",0
331,"serD|unassigned",1
331,"acctManip|broadcast",2
332,"exfil|unassigned",0
332,"uPrivEsc|hostingServer",1
332,"infoD|unassigned",2
332,"vulnD|storage",3
332,"serD|unassigned",4
333,"CnC|unassigned",0
333,"CnC|unassigned",1
333,"CnC|unassigned",2
334,"vulnD|storage",0
334,"serD|unassigned",1
334,"vulnD|storage",2
334,"serD|unassigned",3
334,"vulnD|storage",4
334,"serD|storage",5
335,"vulnD|storage",0
335,"serD|ATCcomm",1
335,"vulnD|storage",2
335,"serD|storage",3
335,"vulnD|storage",4
335,"serD|unassigned",5
336,"exfil|broadcast",0
336,"delivery|broadcast",1
336,"exfil|broadcast",2
336,"dManip|broadcast",3
336,"resHJ|broadcast",4
336,"ACE|broadcast",5
336,"remoteexp|broadcast",6
336,"acctManip|broadcast",7
336,"rPrivEsc|broadcast",8
336,"infoD|broadcast",9
336,"vulnD|broadcast",10
336,"surf|broadcast",11
336,"vulnD|storage",12
336,"serD|storage",13
336,"vulnD|storage",14
336,"serD|unassigned",15
337,"vulnD|storage",0
337,"vulnD|storage",1
337,"vulnD|storage",2
337,"serD|ATCcomm",3
337,"vulnD|storage",4
337,"serD|unassigned",5
337,"vulnD|storage",6
337,"serD|remoteAccess",7
338,"serD|unassigned",0
338,"serD|ATCcomm",1
338,"vulnD|storage",2
338,"vulnD|storage",3
338,"serD|storage",4
338,"vulnD|storage",5
338,"serD|unassigned",6
339,"vulnD|storage",0
339,"serD|unassigned",1
339,"vulnD|storage",2
339,"serD|unassigned",3
340,"infoD|unassigned",0
340,"infoD|unassigned",1
340,"vulnD|storage",2
340,"serD|unassigned",3
341,"bfCred|email",0
341,"serD|unassigned",1
341,"vulnD|storage",2
341,"vulnD|storage",3
341,"serD|unassigned",4
342,"exfil|http(s)",0
342,"dManip|http(s)",1
342,"resHJ|http(s)",2
342,"ACE|http(s)",3
342,"CnC|http(s)",4
342,"remoteexp|http(s)",5
342,"acctManip|http(s)",6
342,"rPrivEsc|http(s)",7
342,"infoD|http(s)",8
342,"surf|http(s)",9
342,"serD|unassigned",10
342,"hostD|http(s)",11
342,"vulnD|storage",12
343,"dDestruct|remoteAccess",0
343,"dDestruct|remoteAccess",1
343,"dDestruct|remoteAccess",2
343,"dDestruct|remoteAccess",3
343,"dDestruct|remoteAccess",4
343,"dDestruct|remoteAccess",5
343,"dDestruct|remoteAccess",6
343,"dDestruct|remoteAccess",7
343,"infoD|unassigned",8
344,"vulnD|storage",0
344,"serD|unassigned",1
344,"vulnD|storage",2
344,"serD|unassigned",3
345,"serD|unassigned",0
345,"CnC|http(s)",1
345,"serD|unassigned",2
346,"delivery|http(s)",0
346,"exfil|http(s)",1
346,"dManip|http(s)",2
346,"resHJ|http(s)",3
346,"ACE|http(s)",4
346,"CnC|http(s)",5
346,"remoteexp|http(s)",6
346,"acctManip|http(s)",7
346,"rPrivEsc|http(s)",8
346,"infoD|http(s)",9
346,"vulnD|storage",10
346,"serD|unassigned",11
346,"surf|http(s)",12
347,"vulnD|storage",0
347,"serD|unassigned",1
347,"vulnD|storage",2
347,"serD|unassigned",3
348,"CnC|http(s)",0
348,"infoD|http(s)",1
348,"infoD|http(s)",2
349,"infoD|remoteAccess",0
349,"infoD|remoteAccess",1
349,"hostD|remoteAccess",2
349,"vulnD|storage",3
349,"serD|unassigned",4
350,"exfil|unassigned",0
350,"infoD|unassigned",1
350,"infoD|remoteAccess",2
350,"vulnD|storage",3
350,"serD|surveillance",4
350,"hostD|surveillance",5
351,"infoD|unassigned",0
351,"infoD|unassigned",1
351,"infoD|unassigned",2
351,"infoD|unassigned",3
351,"infoD|unassigned",4
352,"infoD|unassigned",0
352,"vulnD|storage",1
352,"serD|unassigned",2
352,"hostD|http(s)",3
353,"vulnD|storage",0
353,"vulnD|storage",1
353,"serD|unassigned",2
354,"vulnD|storage",0
354,"serD|unassigned",1
354,"vulnD|storage",2
354,"serD|unassigned",3
355,"vulnD|storage",0
355,"vulnD|storage",1
355,"serD|unassigned",2
356,"vulnD|storage",0
356,"serD|ATCcomm",1
356,"vulnD|storage",2
356,"serD|unassigned",3
356,"vulnD|storage",4
356,"serD|unassigned",5
357,"vulnD|storage",0
357,"serD|unassigned",1
357,"vulnD|storage",2
357,"serD|unassigned",3
358,"vulnD|storage",0
358,"serD|unassigned",1
358,"vulnD|storage",2
358,"serD|unassigned",3
358,"hostD|http(s)",4
359,"bfCred|email",0
359,"vulnD|storage",1
359,"serD|unassigned",2
359,"hostD|http(s)",3
360,"exfil|http(s)",0
360,"rPrivEsc|http(s)",1
360,"vulnD|storage",2
360,"serD|unassigned",3
360,"hostD|hostingServer",4
361,"infoD|remoteAccess",0
361,"vulnD|storage",1
361,"serD|storage",2
361,"infoD|remoteAccess",3
361,"vulnD|storage",4
361,"serD|storage",5
361,"hostD|remoteAccess",6
362,"infoD|remoteAccess",0
362,"vulnD|storage",1
362,"serD|unassigned",2
362,"hostD|remoteAccess",3
362,"vulnD|storage",4
362,"serD|unassigned",5
363,"hostD|remoteAccess",0
363,"infoD|remoteAccess",1
363,"infoD|remoteAccess",2
363,"vulnD|storage",3
363,"serD|ATCcomm",4
363,"infoD|remoteAccess",5
363,"vulnD|storage",6
363,"serD|ATCcomm",7
363,"hostD|remoteAccess",8
364,"infoD|remoteAccess",0
364,"infoD|remoteAccess",1
364,"hostD|remoteAccess",2
364,"vulnD|storage",3
364,"serD|unassigned",4
364,"vulnD|storage",5
364,"serD|unassigned",6
365,"exfil|http(s)",0
365,"ACE|http(s)",1
365,"rPrivEsc|http(s)",2
365,"vulnD|storage",3
365,"serD|unassigned",4
366,"infoD|remoteAccess",0
366,"hostD|remoteAccess",1
366,"vulnD|storage",2
366,"serD|unassigned",3
367,"vulnD|storage",0
367,"serD|unassigned",1
367,"infoD|remoteAccess",2
367,"hostD|remoteAccess",3
368,"netDOS|http(s)",0
368,"infoD|http(s)",1
368,"surf|http(s)",2
368,"vulnD|storage",3
368,"serD|unassigned",4
368,"hostD|unassigned",5
369,"netDOS|http(s)",0
369,"infoD|http(s)",1
369,"surf|http(s)",2
369,"infoD|remoteAccess",3
369,"hostD|remoteAccess",4
369,"vulnD|storage",5
369,"serD|unassigned",6
369,"hostD|http(s)",7
370,"delivery|http(s)",0
370,"exfil|http(s)",1
370,"dManip|http(s)",2
370,"resHJ|http(s)",3
370,"ACE|http(s)",4
370,"CnC|http(s)",5
370,"remoteexp|http(s)",6
370,"acctManip|http(s)",7
370,"rPrivEsc|http(s)",8
370,"infoD|http(s)",9
370,"vulnD|http(s)",10
370,"surf|http(s)",11
371,"hostD|http(s)",0
371,"hostD|http(s)",1
371,"vulnD|storage",2
371,"vulnD|storage",3
371,"serD|unassigned",4
372,"netDOS|http(s)",0
372,"infoD|http(s)",1
372,"surf|http(s)",2
372,"vulnD|storage",3
372,"serD|unassigned",4
372,"vulnD|storage",5
372,"serD|unassigned",6
372,"hostD|http(s)",7
373,"exfil|http(s)",0
373,"dManip|http(s)",1
373,"resHJ|http(s)",2
373,"ACE|http(s)",3
373,"remoteexp|http(s)",4
373,"acctManip|http(s)",5
373,"rPrivEsc|http(s)",6
373,"infoD|http(s)",7
373,"vulnD|http(s)",8
373,"surf|http(s)",9
374,"dManip|http(s)",0
374,"resHJ|http(s)",1
374,"acctManip|http(s)",2
374,"vulnD|http(s)",3
375,"exfil|http(s)",0
375,"ACE|http(s)",1
375,"rPrivEsc|http(s)",2
376,"exfil|http(s)",0
376,"ACE|http(s)",1
376,"rPrivEsc|http(s)",2
377,"vulnD|storage",0
377,"serD|unassigned",1
377,"vulnD|storage",2
377,"serD|unassigned",3
378,"vulnD|storage",0
378,"serD|unassigned",1
378,"vulnD|storage",2
378,"serD|unassigned",3
379,"rPrivEsc|broadcast",0
379,"infoD|broadcast",1
379,"surf|broadcast",2
379,"vulnD|storage",3
379,"serD|unassigned",4
379,"vulnD|storage",5
379,"serD|unassigned",6
380,"serD|unassigned",0
380,"vulnD|storage",1
380,"vulnD|storage",2
380,"serD|unassigned",3
381,"vulnD|storage",0
381,"serD|storage",1
381,"vulnD|storage",2
381,"serD|unassigned",3
382,"netDOS|http(s)",0
382,"infoD|http(s)",1
382,"surf|http(s)",2
382,"vulnD|storage",3
382,"serD|unassigned",4
382,"vulnD|storage",5
382,"serD|unassigned",6
383,"delivery|http(s)",0
383,"exfil|http(s)",1
383,"dManip|http(s)",2
383,"resHJ|http(s)",3
383,"ACE|http(s)",4
383,"CnC|http(s)",5
383,"remoteexp|http(s)",6
383,"acctManip|http(s)",7
383,"rPrivEsc|http(s)",8
383,"vulnD|http(s)",9
384,"delivery|http(s)",0
384,"exfil|http(s)",1
384,"dManip|http(s)",2
384,"resHJ|http(s)",3
384,"ACE|http(s)",4
384,"CnC|http(s)",5
384,"remoteexp|http(s)",6
384,"acctManip|http(s)",7
384,"rPrivEsc|http(s)",8
384,"infoD|http(s)",9
384,"vulnD|http(s)",10
384,"surf|http(s)",11
385,"exfil|http(s)",0
385,"ACE|http(s)",1
385,"rPrivEsc|http(s)",2
385,"infoD|unassigned",3
386,"ACE|http(s)",0
386,"CnC|http(s)",1
386,"rPrivEsc|http(s)",2
386,"infoD|unassigned",3
386,"surf|http(s)",4
387,"ACE|http(s)",0
387,"CnC|http(s)",1
387,"rPrivEsc|http(s)",2
387,"infoD|unassigned",3
387,"surf|http(s)",4
387,"infoD|http(s)",5
388,"ACE|http(s)",0
388,"rPrivEsc|http(s)",1
388,"CnC|http(s)",2
388,"infoD|unassigned",3
388,"surf|http(s)",4
388,"infoD|http(s)",5
389,"CnC|http(s)",0
389,"surf|http(s)",1
389,"infoD|http(s)",2
390,"ACE|http(s)",0
390,"rPrivEsc|http(s)",1
390,"infoD|unassigned",2
391,"CnC|http(s)",0
391,"surf|http(s)",1
391,"infoD|http(s)",2
392,"ACE|http(s)",0
392,"rPrivEsc|http(s)",1
392,"infoD|unassigned",2
393,"ACE|http(s)",0
393,"CnC|http(s)",1
393,"rPrivEsc|http(s)",2
393,"infoD|unassigned",3
393,"surf|http(s)",4
393,"infoD|http(s)",5
394,"exfil|remoteAccess",0
394,"rPrivEsc|remoteAccess",1
394,"surf|http(s)",2
394,"infoD|http(s)",3
395,"delivery|http(s)",0
395,"exfil|http(s)",1
395,"dManip|http(s)",2
395,"resHJ|http(s)",3
395,"ACE|http(s)",4
395,"CnC|http(s)",5
395,"remoteexp|http(s)",6
395,"acctManip|http(s)",7
395,"rPrivEsc|http(s)",8
395,"infoD|http(s)",9
395,"vulnD|http(s)",10
395,"surf|http(s)",11
396,"delivery|http(s)",0
396,"exfil|http(s)",1
396,"dManip|http(s)",2
396,"resHJ|http(s)",3
396,"ACE|http(s)",4
396,"CnC|http(s)",5
396,"remoteexp|http(s)",6
396,"acctManip|http(s)",7
396,"rPrivEsc|http(s)",8
396,"infoD|http(s)",9
396,"vulnD|http(s)",10
396,"surf|http(s)",11
397,"exfil|http(s)",0
397,"ACE|http(s)",1
397,"rPrivEsc|http(s)",2
397,"infoD|unassigned",3
398,"ACE|http(s)",0
398,"rPrivEsc|http(s)",1
398,"CnC|http(s)",2
398,"surf|http(s)",3
399,"ACE|http(s)",0
399,"rPrivEsc|http(s)",1
399,"CnC|http(s)",2
399,"vulnD|http(s)",3
399,"surf|http(s)",4
399,"infoD|http(s)",5
400,"ACE|http(s)",0
400,"CnC|http(s)",1
400,"rPrivEsc|http(s)",2
400,"surf|http(s)",3
400,"infoD|http(s)",4
401,"ACE|http(s)",0
401,"rPrivEsc|http(s)",1
401,"CnC|http(s)",2
401,"surf|http(s)",3
401,"infoD|http(s)",4
402,"ACE|http(s)",0
402,"CnC|http(s)",1
402,"rPrivEsc|http(s)",2
402,"surf|http(s)",3
402,"infoD|http(s)",4
403,"ACE|http(s)",0
403,"CnC|http(s)",1
403,"rPrivEsc|http(s)",2
403,"infoD|unassigned",3
403,"surf|http(s)",4
403,"infoD|http(s)",5
404,"netDOS|http(s)",0
404,"infoD|http(s)",1
404,"surf|http(s)",2
405,"delivery|http(s)",0
405,"exfil|http(s)",1
405,"dManip|http(s)",2
405,"resHJ|http(s)",3
405,"ACE|http(s)",4
405,"CnC|http(s)",5
405,"remoteexp|http(s)",6
405,"acctManip|http(s)",7
405,"rPrivEsc|http(s)",8
405,"infoD|http(s)",9
405,"vulnD|http(s)",10
405,"surf|http(s)",11
406,"rPrivEsc|email",0
406,"vulnD|storage",1
406,"serD|unassigned",2
407,"delivery|http(s)",0
407,"exfil|http(s)",1
407,"dManip|http(s)",2
407,"resHJ|http(s)",3
407,"ACE|http(s)",4
407,"CnC|http(s)",5
407,"remoteexp|http(s)",6
407,"acctManip|http(s)",7
407,"rPrivEsc|http(s)",8
407,"infoD|http(s)",9
407,"vulnD|storage",10
407,"serD|unassigned",11
407,"hostD|http(s)",12
407,"surf|http(s)",13
408,"resHJ|surveillance",0
408,"exfil|surveillance",1
408,"dManip|surveillance",2
408,"ACE|surveillance",3
408,"remoteexp|surveillance",4
408,"acctManip|surveillance",5
408,"rPrivEsc|surveillance",6
408,"infoD|surveillance",7
408,"vulnD|surveillance",8
408,"surf|surveillance",9
409,"delivery|http(s)",0
409,"exfil|http(s)",1
409,"dManip|http(s)",2
409,"resHJ|http(s)",3
409,"netDOS|http(s)",4
409,"ACE|http(s)",5
409,"CnC|http(s)",6
409,"remoteexp|http(s)",7
409,"acctManip|http(s)",8
409,"rPrivEsc|http(s)",9
409,"infoD|http(s)",10
409,"vulnD|http(s)",11
409,"surf|http(s)",12
409,"vulnD|storage",13
409,"serD|unassigned",14
410,"exfil|remoteAccess",0
410,"dManip|remoteAccess",1
410,"remoteexp|remoteAccess",2
410,"vulnD|remoteAccess",3
410,"serD|unassigned",4
411,"vulnD|storage",0
411,"serD|unassigned",1
411,"vulnD|storage",2
411,"serD|unassigned",3
411,"vulnD|storage",4
411,"serD|unassigned",5
411,"vulnD|storage",6
411,"serD|unassigned",7
412,"vulnD|storage",0
412,"vulnD|storage",1
412,"serD|unassigned",2
413,"netDOS|http(s)",0
413,"surf|http(s)",1
413,"vulnD|storage",2
413,"serD|unassigned",3
413,"vulnD|storage",4
413,"serD|unassigned",5
414,"resHJ|http(s)",0
414,"ACE|http(s)",1
414,"rPrivEsc|http(s)",2
415,"vulnD|storage",0
415,"vulnD|storage",1
415,"serD|unassigned",2
416,"resHJ|http(s)",0
416,"netDOS|http(s)",1
416,"infoD|http(s)",2
416,"surf|http(s)",3
416,"vulnD|storage",4
416,"serD|unassigned",5
417,"infoD|http(s)",0
417,"infoD|http(s)",1
417,"infoD|http(s)",2
417,"infoD|http(s)",3
417,"infoD|http(s)",4
418,"exfil|remoteAccess",0
418,"vulnD|storage",1
418,"serD|unassigned",2
419,"vulnD|storage",0
419,"serD|unassigned",1
419,"exfil|remoteAccess",2
420,"exfil|http(s)",0
420,"vulnD|http(s)",1
420,"hostD|http(s)",2
420,"vulnD|storage",3
420,"serD|unassigned",4
421,"exfil|http(s)",0
421,"vulnD|http(s)",1
421,"hostD|http(s)",2
421,"vulnD|storage",3
421,"serD|unassigned",4
422,"exfil|broadcast",0
422,"vulnD|storage",1
422,"serD|unassigned",2
423,"hostD|http(s)",0
423,"vulnD|storage",1
423,"serD|surveillance",2
424,"vulnD|storage",0
424,"vulnD|storage",1
424,"serD|unassigned",2
425,"exfil|unassigned",0
425,"vulnD|storage",1
425,"serD|unassigned",2
426,"exfil|unassigned",0
426,"serD|voip",1
426,"hostD|http(s)",2
427,"CnC|http(s)",0
427,"infoD|http(s)",1
427,"infoD|http(s)",2
428,"exfil|unassigned",0
428,"vulnD|remoteAccess",1
428,"serD|unassigned",2
428,"vulnD|storage",3
428,"vulnD|storage",4
428,"vulnD|storage",5
429,"exfil|unassigned",0
429,"vulnD|storage",1
429,"serD|unassigned",2
429,"vulnD|remoteAccess",3
429,"vulnD|storage",4
430,"acctManip|broadcast",0
430,"vulnD|storage",1
430,"serD|unassigned",2
430,"vulnD|storage",3
430,"vulnD|remoteAccess",4
430,"serD|storage",5
430,"serD|unassigned",6
430,"vulnD|storage",7
430,"vulnD|storage",8
430,"vulnD|remoteAccess",9
430,"vulnD|storage",10
430,"serD|unassigned",11
430,"vulnD|storage",12
430,"serD|unassigned",13
430,"vulnD|remoteAccess",14
431,"vulnD|remoteAccess",0
431,"vulnD|storage",1
431,"serD|unassigned",2
431,"serD|unassigned",3
431,"vulnD|remoteAccess",4
431,"vulnD|storage",5
431,"serD|unassigned",6
431,"vulnD|remoteAccess",7
431,"vulnD|storage",8
431,"serD|ATCcomm",9
431,"vulnD|remoteAccess",10
431,"vulnD|remoteAccess",11
431,"vulnD|storage",12
431,"vulnD|storage",13
432,"acctManip|broadcast",0
432,"vulnD|storage",1
432,"serD|ATCcomm",2
432,"vulnD|remoteAccess",3
432,"serD|unassigned",4
432,"vulnD|storage",5
432,"serD|remoteAccess",6
432,"vulnD|storage",7
432,"vulnD|remoteAccess",8
432,"serD|unassigned",9
432,"vulnD|remoteAccess",10
432,"vulnD|storage",11
432,"serD|unassigned",12
432,"vulnD|storage",13
432,"vulnD|storage",14
432,"serD|unassigned",15
432,"serD|unassigned",16
432,"vulnD|storage",17
432,"vulnD|storage",18
432,"vulnD|storage",19
432,"vulnD|remoteAccess",20
432,"vulnD|storage",21
432,"serD|unassigned",22
432,"vulnD|remoteAccess",23
432,"vulnD|storage",24
433,"acctManip|broadcast",0
433,"vulnD|remoteAccess",1
433,"vulnD|storage",2
433,"vulnD|remoteAccess",3
433,"vulnD|storage",4
433,"vulnD|remoteAccess",5
433,"vulnD|storage",6
433,"vulnD|remoteAccess",7
433,"serD|unassigned",8
433,"serD|unassigned",9
434,"hostD|http(s)",0
434,"vulnD|http(s)",1
434,"vulnD|remoteAccess",2
434,"serD|unassigned",3
434,"vulnD|remoteAccess",4
434,"vulnD|remoteAccess",5
434,"infoD|nameserver",6
435,"acctManip|broadcast",0
435,"vulnD|storage",1
435,"serD|unassigned",2
435,"vulnD|storage",3
435,"serD|unassigned",4
435,"vulnD|storage",5
435,"vulnD|remoteAccess",6
435,"serD|unassigned",7
435,"serD|ATCcomm",8
435,"vulnD|storage",9
435,"vulnD|remoteAccess",10
435,"serD|unassigned",11
435,"vulnD|storage",12
435,"serD|unassigned",13
435,"vulnD|remoteAccess",14
435,"vulnD|storage",15
435,"serD|unassigned",16
435,"vulnD|storage",17
435,"serD|unassigned",18
435,"vulnD|storage",19
435,"vulnD|remoteAccess",20
435,"serD|broadcast",21
435,"vulnD|storage",22
435,"vulnD|storage",23
435,"vulnD|remoteAccess",24
435,"vulnD|storage",25
435,"serD|unassigned",26
435,"vulnD|remoteAccess",27
436,"vulnD|storage",0
436,"vulnD|remoteAccess",1
436,"serD|unassigned",2
436,"serD|remoteAccess",3
436,"vulnD|remoteAccess",4
436,"vulnD|storage",5
436,"serD|unassigned",6
436,"serD|unassigned",7
436,"vulnD|storage",8
436,"vulnD|remoteAccess",9
436,"vulnD|storage",10
436,"vulnD|remoteAccess",11
436,"vulnD|remoteAccess",12
436,"serD|unassigned",13
437,"vulnD|storage",0
437,"vulnD|storage",1
437,"vulnD|storage",2
438,"acctManip|broadcast",0
438,"vulnD|remoteAccess",1
438,"serD|unassigned",2
438,"vulnD|remoteAccess",3
438,"serD|unassigned",4
438,"vulnD|storage",5
438,"serD|surveillance",6
438,"vulnD|storage",7
438,"vulnD|remoteAccess",8
438,"vulnD|storage",9
438,"vulnD|storage",10
438,"vulnD|storage",11
438,"vulnD|storage",12
438,"vulnD|remoteAccess",13
438,"serD|unassigned",14
438,"vulnD|storage",15
438,"vulnD|storage",16
438,"serD|unassigned",17
438,"vulnD|remoteAccess",18
438,"vulnD|storage",19
438,"vulnD|remoteAccess",20
438,"vulnD|storage",21
439,"vulnD|remoteAccess",0
439,"vulnD|storage",1
439,"vulnD|remoteAccess",2
439,"vulnD|storage",3
439,"vulnD|remoteAccess",4
439,"vulnD|storage",5
439,"vulnD|remoteAccess",6
439,"serD|unassigned",7
439,"vulnD|storage",8
439,"serD|unassigned",9
439,"vulnD|remoteAccess",10
439,"serD|storage",11
439,"vulnD|storage",12
439,"vulnD|remoteAccess",13
439,"serD|unassigned",14
440,"acctManip|broadcast",0
440,"serD|unassigned",1
440,"vulnD|storage",2
440,"serD|unassigned",3
440,"serD|unassigned",4
440,"vulnD|storage",5
440,"vulnD|storage",6
440,"serD|storage",7
440,"vulnD|storage",8
440,"vulnD|remoteAccess",9
440,"vulnD|storage",10
440,"serD|remoteAccess",11
440,"vulnD|storage",12
440,"serD|unassigned",13
440,"vulnD|remoteAccess",14
440,"vulnD|remoteAccess",15
440,"vulnD|storage",16
440,"serD|unassigned",17
440,"vulnD|storage",18
440,"vulnD|remoteAccess",19
440,"vulnD|storage",20
440,"vulnD|storage",21
440,"vulnD|storage",22
441,"vulnD|remoteAccess",0
441,"vulnD|storage",1
441,"vulnD|remoteAccess",2
441,"vulnD|storage",3
441,"vulnD|remoteAccess",4
441,"vulnD|storage",5
441,"vulnD|remoteAccess",6
441,"vulnD|storage",7
441,"serD|unassigned",8
441,"vulnD|storage",9
441,"serD|surveillance",10
441,"vulnD|remoteAccess",11
441,"serD|unassigned",12
441,"vulnD|remoteAccess",13
441,"vulnD|storage",14
442,"acctManip|broadcast",0
442,"vulnD|storage",1
442,"serD|unassigned",2
442,"vulnD|remoteAccess",3
442,"vulnD|remoteAccess",4
442,"vulnD|remoteAccess",5
442,"vulnD|storage",6
442,"serD|unassigned",7
442,"vulnD|remoteAccess",8
442,"vulnD|storage",9
442,"vulnD|storage",10
442,"vulnD|remoteAccess",11
442,"serD|unassigned",12
442,"vulnD|remoteAccess",13
442,"serD|unassigned",14
442,"vulnD|remoteAccess",15
442,"vulnD|storage",16
442,"serD|unassigned",17
442,"vulnD|storage",18
442,"vulnD|remoteAccess",19
442,"vulnD|remoteAccess",20
443,"acctManip|broadcast",0
443,"infoD|nameserver",1
443,"vulnD|remoteAccess",2
443,"vulnD|storage",3
443,"serD|unassigned",4
443,"vulnD|storage",5
443,"vulnD|storage",6
443,"vulnD|storage",7
443,"vulnD|storage",8
443,"vulnD|storage",9
443,"vulnD|storage",10
444,"vulnD|remoteAccess",0
444,"vulnD|remoteAccess",1
444,"serD|unassigned",2
444,"vulnD|remoteAccess",3
445,"exfil|unassigned",0
445,"infoD|unassigned",1
445,"serD|remoteAccess",2
445,"hostD|wireless",3
445,"vulnD|storage",4
445,"vulnD|storage",5
445,"vulnD|storage",6
446,"exfil|unassigned",0
446,"vulnD|remoteAccess",1
446,"vulnD|storage",2
447,"acctManip|broadcast",0
447,"vulnD|storage",1
447,"serD|unassigned",2
447,"vulnD|remoteAccess",3
447,"serD|ATCcomm",4
447,"vulnD|storage",5
447,"vulnD|remoteAccess",6
447,"vulnD|storage",7
447,"serD|unassigned",8
447,"vulnD|remoteAccess",9
447,"vulnD|storage",10
447,"vulnD|remoteAccess",11
447,"serD|storage",12
447,"vulnD|storage",13
448,"serD|storage",0
448,"vulnD|storage",1
448,"serD|unassigned",2
448,"vulnD|remoteAccess",3
448,"vulnD|storage",4
448,"vulnD|storage",5
448,"serD|ATCcomm",6
448,"vulnD|storage",7
448,"vulnD|remoteAccess",8
448,"serD|unassigned",9
448,"vulnD|storage",10
448,"serD|unassigned",11
448,"vulnD|remoteAccess",12
448,"vulnD|storage",13
448,"vulnD|remoteAccess",14
449,"acctManip|broadcast",0
449,"vulnD|remoteAccess",1
449,"vulnD|storage",2
449,"serD|unassigned",3
449,"vulnD|remoteAccess",4
449,"serD|unassigned",5
449,"vulnD|storage",6
449,"vulnD|remoteAccess",7
449,"vulnD|storage",8
449,"serD|surveillance",9
449,"vulnD|storage",10
449,"vulnD|storage",11
449,"vulnD|remoteAccess",12
449,"serD|unassigned",13
449,"vulnD|storage",14
449,"serD|unassigned",15
449,"vulnD|remoteAccess",16
449,"vulnD|storage",17
449,"vulnD|storage",18
449,"vulnD|remoteAccess",19
449,"vulnD|storage",20
449,"vulnD|remoteAccess",21
450,"acctManip|broadcast",0
450,"infoD|nameserver",1
450,"vulnD|storage",2
450,"vulnD|storage",3
450,"serD|unassigned",4
450,"vulnD|storage",5
450,"serD|remoteAccess",6
450,"vulnD|remoteAccess",7
450,"serD|unassigned",8
450,"vulnD|remoteAccess",9
450,"vulnD|storage",10
451,"hostD|http(s)",0
451,"vulnD|remoteAccess",1
451,"vulnD|remoteAccess",2
451,"vulnD|storage",3
451,"vulnD|remoteAccess",4
451,"vulnD|storage",5
452,"acctManip|broadcast",0
452,"serD|unassigned",1
452,"vulnD|storage",2
452,"vulnD|storage",3
452,"serD|storage",4
452,"vulnD|remoteAccess",5
452,"vulnD|storage",6
452,"vulnD|storage",7
452,"vulnD|remoteAccess",8
452,"vulnD|storage",9
452,"vulnD|remoteAccess",10
452,"serD|unassigned",11
452,"vulnD|storage",12
452,"vulnD|storage",13
452,"vulnD|storage",14
452,"serD|unassigned",15
452,"vulnD|storage",16
452,"vulnD|storage",17
452,"vulnD|voip",18
452,"serD|remoteAccess",19
452,"hostD|remoteAccess",20
452,"serD|voip",21
452,"serD|voip",22
452,"vulnD|remoteAccess",23
452,"vulnD|storage",24
452,"serD|storage",25
453,"acctManip|broadcast",0
453,"vulnD|remoteAccess",1
453,"vulnD|storage",2
453,"vulnD|storage",3
453,"vulnD|storage",4
453,"serD|unassigned",5
453,"vulnD|storage",6
453,"vulnD|storage",7
453,"vulnD|remoteAccess",8
454,"hostD|http(s)",0
454,"vulnD|storage",1
454,"vulnD|remoteAccess",2
454,"vulnD|storage",3
454,"vulnD|remoteAccess",4
455,"acctManip|broadcast",0
455,"vulnD|remoteAccess",1
455,"serD|surveillance",2
455,"vulnD|remoteAccess",3
455,"vulnD|storage",4
455,"serD|storage",5
455,"vulnD|storage",6
455,"serD|unassigned",7
455,"vulnD|remoteAccess",8
455,"serD|unassigned",9
455,"vulnD|remoteAccess",10
455,"vulnD|storage",11
455,"serD|unassigned",12
455,"vulnD|storage",13
455,"vulnD|remoteAccess",14
455,"serD|unassigned",15
455,"vulnD|storage",16
455,"vulnD|storage",17
455,"vulnD|storage",18
455,"serD|broadcast",19
455,"vulnD|storage",20
455,"vulnD|storage",21
455,"vulnD|remoteAccess",22
455,"vulnD|remoteAccess",23
455,"serD|unassigned",24
456,"acctManip|broadcast",0
456,"vulnD|remoteAccess",1
456,"vulnD|storage",2
456,"vulnD|storage",3
456,"vulnD|storage",4
456,"vulnD|remoteAccess",5
456,"vulnD|storage",6
456,"vulnD|remoteAccess",7
456,"vulnD|remoteAccess",8
456,"vulnD|storage",9
456,"vulnD|storage",10
457,"serD|unassigned",0
457,"vulnD|remoteAccess",1
457,"vulnD|remoteAccess",2
457,"vulnD|storage",3
457,"infoD|nameserver",4
458,"acctManip|broadcast",0
458,"vulnD|remoteAccess",1
458,"serD|unassigned",2
458,"vulnD|storage",3
458,"serD|unassigned",4
458,"vulnD|storage",5
458,"vulnD|storage",6
458,"vulnD|storage",7
458,"serD|unassigned",8
458,"vulnD|storage",9
458,"serD|unassigned",10
458,"vulnD|storage",11
458,"vulnD|storage",12
458,"vulnD|storage",13
458,"serD|unassigned",14
458,"vulnD|remoteAccess",15
458,"vulnD|storage",16
458,"vulnD|storage",17
458,"vulnD|remoteAccess",18
458,"serD|unassigned",19
458,"vulnD|storage",20
458,"vulnD|storage",21
458,"vulnD|remoteAccess",22
459,"vulnD|storage",0
459,"vulnD|storage",1
459,"serD|unassigned",2
459,"vulnD|remoteAccess",3
459,"vulnD|remoteAccess",4
459,"vulnD|storage",5
459,"vulnD|storage",6
459,"vulnD|storage",7
459,"serD|unassigned",8
459,"vulnD|storage",9
459,"serD|unassigned",10
459,"vulnD|storage",11
459,"serD|unassigned",12
459,"vulnD|storage",13
460,"acctManip|broadcast",0
460,"vulnD|storage",1
460,"serD|unassigned",2
460,"serD|ATCcomm",3
460,"vulnD|remoteAccess",4
460,"vulnD|storage",5
460,"vulnD|storage",6
460,"vulnD|storage",7
460,"serD|unassigned",8
460,"vulnD|remoteAccess",9
460,"serD|unassigned",10
460,"vulnD|storage",11
460,"vulnD|remoteAccess",12
460,"vulnD|storage",13
460,"serD|unassigned",14
460,"vulnD|storage",15
460,"vulnD|storage",16
460,"vulnD|storage",17
460,"vulnD|storage",18
460,"serD|ATCcomm",19
460,"vulnD|remoteAccess",20
460,"vulnD|storage",21
460,"serD|ATCcomm",22
460,"vulnD|storage",23
460,"vulnD|remoteAccess",24
461,"acctManip|broadcast",0
461,"infoD|nameserver",1
461,"vulnD|remoteAccess",2
461,"vulnD|storage",3
461,"vulnD|remoteAccess",4
461,"vulnD|storage",5
461,"vulnD|storage",6
461,"serD|unassigned",7
461,"vulnD|storage",8
461,"vulnD|remoteAccess",9
461,"vulnD|remoteAccess",10
461,"serD|unassigned",11
461,"vulnD|storage",12
462,"vulnD|remoteAccess",0
462,"vulnD|storage",1
462,"vulnD|storage",2
462,"vulnD|storage",3
462,"vulnD|remoteAccess",4
462,"vulnD|storage",5
463,"acctManip|broadcast",0
463,"vulnD|remoteAccess",1
463,"vulnD|storage",2
463,"serD|unassigned",3
463,"vulnD|storage",4
463,"vulnD|storage",5
463,"serD|unassigned",6
463,"vulnD|storage",7
463,"vulnD|remoteAccess",8
463,"serD|storage",9
463,"vulnD|remoteAccess",10
463,"serD|unassigned",11
463,"vulnD|remoteAccess",12
463,"vulnD|storage",13
463,"serD|unassigned",14
463,"vulnD|storage",15
463,"serD|unassigned",16
463,"vulnD|storage",17
463,"vulnD|remoteAccess",18
463,"vulnD|storage",19
463,"serD|remoteAccess",20
463,"vulnD|remoteAccess",21
463,"serD|remoteAccess",22
464,"acctManip|broadcast",0
464,"vulnD|remoteAccess",1
464,"serD|unassigned",2
464,"vulnD|storage",3
464,"vulnD|storage",4
464,"vulnD|storage",5
464,"vulnD|remoteAccess",6
464,"vulnD|remoteAccess",7
464,"vulnD|storage",8
465,"vulnD|storage",0
465,"vulnD|storage",1
465,"serD|ATCcomm",2
465,"vulnD|storage",3
465,"vulnD|remoteAccess",4
466,"acctManip|broadcast",0
466,"vulnD|storage",1
466,"serD|unassigned",2
466,"vulnD|remoteAccess",3
466,"serD|unassigned",4
466,"vulnD|storage",5
466,"serD|unassigned",6
466,"vulnD|storage",7
466,"vulnD|remoteAccess",8
466,"serD|unassigned",9
466,"vulnD|remoteAccess",10
466,"serD|unassigned",11
466,"vulnD|storage",12
466,"vulnD|storage",13
466,"vulnD|storage",14
466,"serD|unassigned",15
466,"serD|unassigned",16
466,"vulnD|storage",17
466,"vulnD|storage",18
466,"vulnD|remoteAccess",19
466,"vulnD|storage",20
466,"vulnD|remoteAccess",21
466,"serD|ATCcomm",22
467,"acctManip|broadcast",0
467,"vulnD|remoteAccess",1
467,"vulnD|storage",2
467,"vulnD|storage",3
467,"serD|unassigned",4
467,"vulnD|storage",5
467,"vulnD|storage",6
467,"vulnD|storage",7
467,"serD|unassigned",8
467,"vulnD|remoteAccess",9
468,"serD|unassigned",0
468,"vulnD|storage",1
468,"vulnD|remoteAccess",2
468,"vulnD|storage",3
468,"serD|unassigned",4
468,"vulnD|remoteAccess",5
468,"infoD|nameserver",6
469,"acctManip|broadcast",0
469,"vulnD|storage",1
469,"serD|ATCcomm",2
469,"serD|unassigned",3
469,"vulnD|storage",4
469,"vulnD|storage",5
469,"vulnD|remoteAccess",6
469,"serD|unassigned",7
469,"vulnD|storage",8
469,"vulnD|remoteAccess",9
469,"vulnD|storage",10
469,"serD|unassigned",11
469,"vulnD|storage",12
469,"serD|surveillance",13
469,"vulnD|storage",14
469,"vulnD|storage",15
469,"serD|unassigned",16
469,"vulnD|remoteAccess",17
469,"vulnD|storage",18
469,"serD|unassigned",19
469,"vulnD|storage",20
469,"vulnD|storage",21
469,"serD|unassigned",22
469,"vulnD|storage",23
469,"vulnD|storage",24
469,"vulnD|storage",25
469,"serD|unassigned",26
469,"vulnD|storage",27
469,"vulnD|remoteAccess",28
470,"acctManip|broadcast",0
470,"vulnD|remoteAccess",1
470,"serD|unassigned",2
470,"vulnD|storage",3
470,"vulnD|storage",4
470,"vulnD|storage",5
470,"vulnD|remoteAccess",6
470,"vulnD|storage",7
470,"vulnD|storage",8
470,"vulnD|remoteAccess",9
471,"vulnD|http(s)",0
471,"hostD|http(s)",1
471,"vulnD|remoteAccess",2
471,"infoD|unassigned",3
471,"infoD|unassigned",4
471,"vulnD|remoteAccess",5
471,"serD|storage",6
471,"vulnD|remoteAccess",7
471,"infoD|unassigned",8
471,"serD|unassigned",9
472,"acctManip|broadcast",0
472,"vulnD|remoteAccess",1
472,"serD|unassigned",2
472,"vulnD|remoteAccess",3
472,"vulnD|storage",4
472,"vulnD|storage",5
472,"vulnD|storage",6
472,"vulnD|storage",7
472,"vulnD|storage",8
472,"vulnD|remoteAccess",9
472,"vulnD|remoteAccess",10
472,"serD|unassigned",11
472,"serD|storage",12
472,"vulnD|storage",13
472,"serD|broadcast",14
472,"vulnD|storage",15
472,"serD|unassigned",16
472,"vulnD|remoteAccess",17
472,"vulnD|storage",18
472,"vulnD|remoteAccess",19
473,"acctManip|broadcast",0
473,"vulnD|remoteAccess",1
473,"vulnD|storage",2
473,"vulnD|storage",3
473,"serD|unassigned",4
473,"vulnD|storage",5
473,"serD|unassigned",6
473,"vulnD|storage",7
473,"serD|unassigned",8
474,"vulnD|storage",0
474,"vulnD|remoteAccess",1
474,"serD|unassigned",2
474,"vulnD|remoteAccess",3
474,"vulnD|storage",4
474,"infoD|nameserver",5
475,"acctManip|broadcast",0
475,"serD|unassigned",1
475,"vulnD|storage",2
475,"vulnD|remoteAccess",3
475,"serD|unassigned",4
475,"vulnD|remoteAccess",5
475,"vulnD|storage",6
475,"serD|unassigned",7
475,"vulnD|remoteAccess",8
475,"serD|storage",9
475,"vulnD|storage",10
475,"vulnD|storage",11
475,"vulnD|remoteAccess",12
475,"serD|unassigned",13
475,"serD|unassigned",14
475,"vulnD|remoteAccess",15
475,"serD|unassigned",16
475,"vulnD|remoteAccess",17
475,"vulnD|storage",18
475,"vulnD|storage",19
475,"vulnD|remoteAccess",20
475,"vulnD|storage",21
475,"vulnD|remoteAccess",22
476,"acctManip|broadcast",0
476,"vulnD|storage",1
476,"vulnD|remoteAccess",2
476,"vulnD|storage",3
476,"vulnD|remoteAccess",4
476,"serD|surveillance",5
476,"serD|unassigned",6
476,"vulnD|storage",7
476,"vulnD|storage",8
476,"vulnD|storage",9
476,"vulnD|remoteAccess",10
476,"vulnD|remoteAccess",11
477,"vulnD|storage",0
477,"vulnD|storage",1
477,"vulnD|remoteAccess",2
477,"vulnD|remoteAccess",3
478,"acctManip|broadcast",0
478,"vulnD|storage",1
478,"vulnD|remoteAccess",2
478,"serD|unassigned",3
478,"hostD|http(s)",4
478,"vulnD|storage",5
478,"serD|unassigned",6
478,"vulnD|storage",7
478,"serD|unassigned",8
478,"vulnD|storage",9
478,"vulnD|storage",10
478,"serD|unassigned",11
478,"vulnD|remoteAccess",12
478,"serD|unassigned",13
478,"vulnD|storage",14
478,"vulnD|remoteAccess",15
478,"serD|unassigned",16
478,"vulnD|storage",17
478,"serD|unassigned",18
478,"vulnD|remoteAccess",19
478,"vulnD|storage",20
478,"serD|unassigned",21
478,"vulnD|storage",22
478,"vulnD|storage",23
478,"vulnD|storage",24
479,"vulnD|storage",0
479,"serD|unassigned",1
479,"serD|unassigned",2
479,"vulnD|storage",3
479,"vulnD|remoteAccess",4
479,"vulnD|storage",5
479,"vulnD|storage",6
479,"serD|remoteAccess",7
479,"vulnD|storage",8
479,"vulnD|storage",9
479,"serD|unassigned",10
479,"vulnD|remoteAccess",11
479,"vulnD|storage",12
479,"vulnD|storage",13
479,"serD|unassigned",14
479,"serD|unassigned",15
479,"serD|unassigned",16
479,"vulnD|remoteAccess",17
479,"vulnD|storage",18
480,"exfil|unassigned",0
480,"infoD|unassigned",1
480,"serD|remoteAccess",2
480,"hostD|surveillance",3
480,"hostD|surveillance",4
480,"serD|remoteAccess",5
481,"exfil|unassigned",0
481,"infoD|unassigned",1
481,"hostD|surveillance",2
481,"vulnD|storage",3
481,"serD|unassigned",4
482,"bfCred|email",0
482,"bfCred|email",1
482,"hostD|http(s)",2
482,"vulnD|storage",3
482,"serD|unassigned",4
482,"serD|remoteAccess",5
483,"netDOS|http(s)",0
483,"remoteexp|http(s)",1
483,"infoD|http(s)",2
483,"surf|http(s)",3
483,"serD|remoteAccess",4
484,"exfil|unassigned",0
484,"infoD|unassigned",1
484,"hostD|wireless",2
484,"vulnD|storage",3
484,"serD|unassigned",4
485,"vulnD|storage",0
485,"serD|broadcast",1
485,"serD|unassigned",2
486,"netDOS|http(s)",0
486,"infoD|http(s)",1
486,"surf|http(s)",2
486,"serD|unassigned",3
486,"vulnD|storage",4
486,"serD|unassigned",5
486,"vulnD|storage",6
486,"serD|ATCcomm",7
486,"hostD|http(s)",8
486,"serD|remoteAccess",9
487,"netDOS|http(s)",0
487,"infoD|http(s)",1
487,"surf|http(s)",2
488,"vulnD|storage",0
488,"serD|unassigned",1
488,"vulnD|storage",2
488,"serD|unassigned",3
488,"serD|remoteAccess",4
489,"netDOS|http(s)",0
489,"infoD|http(s)",1
489,"surf|http(s)",2
489,"serD|remoteAccess",3
490,"netDOS|http(s)",0
490,"vulnD|storage",1
490,"serD|remoteAccess",2
490,"hostD|hostingServer",3
490,"vulnD|storage",4
490,"serD|unassigned",5
490,"hostD|hostingServer",6
491,"vulnD|storage",0
491,"serD|surveillance",1
491,"hostD|http(s)",2
491,"infoD|http(s)",3
492,"vulnD|storage",0
492,"serD|unassigned",1
492,"vulnD|storage",2
492,"serD|unassigned",3
493,"netDOS|http(s)",0
493,"netDOS|http(s)",1
493,"remoteexp|http(s)",2
493,"infoD|http(s)",3
493,"surf|http(s)",4
493,"vulnD|storage",5
493,"serD|unassigned",6
493,"hostD|http(s)",7
494,"netDOS|http(s)",0
494,"netDOS|http(s)",1
494,"remoteexp|http(s)",2
494,"infoD|http(s)",3
495,"vulnD|storage",0
495,"serD|unassigned",1
495,"hostD|http(s)",2
495,"infoD|unassigned",3
496,"vulnD|storage",0
496,"serD|unassigned",1
496,"vulnD|storage",2
496,"serD|unassigned",3
497,"vulnD|storage",0
497,"serD|ATCcomm",1
497,"serD|unassigned",2
498,"netDOS|http(s)",0
498,"infoD|http(s)",1
498,"vulnD|http(s)",2
498,"hostD|http(s)",3
498,"vulnD|storage",4
498,"serD|unassigned",5
498,"vulnD|storage",6
498,"serD|unassigned",7
499,"vulnD|storage",0
499,"serD|unassigned",1
499,"vulnD|storage",2
499,"serD|unassigned",3
500,"vulnD|storage",0
500,"serD|unassigned",1
500,"vulnD|storage",2
500,"serD|remoteAccess",3
501,"vulnD|voip",0
501,"serD|remoteAccess",1
501,"hostD|remoteAccess",2
501,"vulnD|storage",3
501,"serD|unassigned",4
502,"serD|remoteAccess",0
502,"vulnD|storage",1
502,"serD|unassigned",2
503,"vulnD|storage",0
503,"serD|unassigned",1
503,"vulnD|storage",2
503,"serD|unassigned",3
504,"vulnD|storage",0
504,"serD|ATCcomm",1
504,"vulnD|storage",2
504,"serD|unassigned",3
505,"vulnD|storage",0
505,"serD|remoteAccess",1
505,"vulnD|storage",2
505,"serD|unassigned",3
506,"serD|remoteAccess",0
506,"vulnD|storage",1
506,"serD|unassigned",2
507,"hostD|http(s)",0
507,"vulnD|storage",1
507,"hostD|http(s)",2
507,"vulnD|storage",3
507,"serD|unassigned",4
507,"infoD|remoteAccess",5
507,"vulnD|storage",6
507,"serD|unassigned",7
507,"hostD|http(s)",8
508,"netDOS|http(s)",0
508,"infoD|http(s)",1
508,"surf|http(s)",2
508,"hostD|http(s)",3
508,"serD|remoteAccess",4
508,"vulnD|storage",5
508,"serD|unassigned",6
508,"hostD|http(s)",7
509,"vulnD|storage",0
509,"serD|unassigned",1
509,"hostD|http(s)",2
510,"vulnD|storage",0
510,"serD|unassigned",1
510,"hostD|http(s)",2
510,"infoD|nameserver",3
511,"vulnD|storage",0
511,"serD|unassigned",1
511,"serD|remoteAccess",2
511,"serD|remoteAccess",3
512,"exfil|http(s)",0
512,"dManip|http(s)",1
512,"netDOS|http(s)",2
512,"ACE|http(s)",3
512,"remoteexp|http(s)",4
512,"rPrivEsc|http(s)",5
512,"infoD|http(s)",6
512,"vulnD|http(s)",7
512,"surf|http(s)",8
512,"vulnD|storage",9
512,"serD|unassigned",10
512,"vulnD|storage",11
512,"serD|ATCcomm",12
512,"hostD|http(s)",13
512,"serD|remoteAccess",14
512,"hostD|http(s)",15
512,"serD|remoteAccess",16
513,"delivery|http(s)",0
513,"resHJ|http(s)",1
513,"CnC|http(s)",2
514,"serD|remoteAccess",0
514,"serD|remoteAccess",1
514,"serD|remoteAccess",2
515,"serD|remoteAccess",0
515,"serD|remoteAccess",1
515,"serD|remoteAccess",2
516,"vulnD|storage",0
516,"serD|unassigned",1
516,"serD|remoteAccess",2
516,"serD|remoteAccess",3
517,"serD|unassigned",0
517,"serD|remoteAccess",1
517,"hostD|http(s)",2
517,"vulnD|http(s)",3
517,"serD|remoteAccess",4
517,"serD|remoteAccess",5
517,"serD|remoteAccess",6
518,"netDOS|http(s)",0
518,"infoD|http(s)",1
518,"surf|http(s)",2
518,"vulnD|storage",3
518,"serD|unassigned",4
518,"hostD|http(s)",5
519,"delivery|hostingServer",0
519,"exfil|hostingServer",1
519,"dManip|hostingServer",2
519,"resHJ|hostingServer",3
519,"ACE|hostingServer",4
519,"remoteexp|hostingServer",5
519,"acctManip|hostingServer",6
519,"rPrivEsc|hostingServer",7
519,"infoD|hostingServer",8
519,"vulnD|hostingServer",9
519,"surf|hostingServer",10
520,"vulnD|storage",0
520,"serD|unassigned",1
520,"hostD|http(s)",2
521,"serD|remoteAccess",0
521,"hostD|remoteAccess",1
521,"vulnD|storage",2
521,"serD|remoteAccess",3
522,"serD|remoteAccess",0
522,"vulnD|storage",1
522,"serD|remoteAccess",2
522,"hostD|http(s)",3
522,"serD|remoteAccess",4
523,"netDOS|http(s)",0
523,"infoD|http(s)",1
523,"surf|http(s)",2
523,"vulnD|storage",3
523,"serD|unassigned",4
523,"hostD|http(s)",5
524,"delivery|http(s)",0
524,"exfil|http(s)",1
524,"dManip|http(s)",2
524,"resHJ|http(s)",3
524,"ACE|http(s)",4
524,"CnC|http(s)",5
524,"remoteexp|http(s)",6
524,"acctManip|http(s)",7
524,"rPrivEsc|http(s)",8
524,"vulnD|http(s)",9
525,"netDOS|http(s)",0
525,"delivery|http(s)",1
525,"exfil|http(s)",2
525,"dManip|http(s)",3
525,"resHJ|http(s)",4
525,"ACE|http(s)",5
525,"CnC|http(s)",6
525,"remoteexp|http(s)",7
525,"acctManip|http(s)",8
525,"rPrivEsc|http(s)",9
525,"infoD|http(s)",10
525,"vulnD|http(s)",11
525,"surf|http(s)",12
525,"hostD|http(s)",13
525,"vulnD|storage",14
525,"serD|unassigned",15
526,"delivery|http(s)",0
526,"exfil|http(s)",1
526,"dManip|http(s)",2
526,"resHJ|http(s)",3
526,"netDOS|http(s)",4
526,"ACE|http(s)",5
526,"CnC|http(s)",6
526,"remoteexp|http(s)",7
526,"acctManip|http(s)",8
526,"rPrivEsc|http(s)",9
526,"infoD|http(s)",10
526,"vulnD|http(s)",11
526,"surf|http(s)",12
527,"delivery|http(s)",0
527,"exfil|http(s)",1
527,"dManip|http(s)",2
527,"resHJ|http(s)",3
527,"ACE|http(s)",4
527,"CnC|http(s)",5
527,"remoteexp|http(s)",6
527,"acctManip|http(s)",7
527,"rPrivEsc|http(s)",8
527,"infoD|http(s)",9
527,"vulnD|storage",10
527,"surf|http(s)",11
528,"serD|unassigned",0
528,"vulnD|storage",1
528,"serD|unassigned",2
529,"exfil|remoteAccess",0
529,"dManip|remoteAccess",1
529,"remoteexp|remoteAccess",2
529,"vulnD|remoteAccess",3
529,"hostD|remoteAccess",4
529,"serD|voip",5
529,"vulnD|storage",6
529,"serD|unassigned",7
530,"delivery|remoteAccess",0
530,"resHJ|remoteAccess",1
530,"ACE|remoteAccess",2
530,"acctManip|remoteAccess",3
530,"rPrivEsc|remoteAccess",4
530,"infoD|remoteAccess",5
530,"surf|remoteAccess",6
531,"bfCred|email",0
531,"serD|remoteAccess",1
531,"hostD|http(s)",2
532,"exfil|http(s)",0
532,"dManip|http(s)",1
532,"vulnD|http(s)",2
533,"netDOS|http(s)",0
533,"infoD|http(s)",1
533,"surf|http(s)",2
534,"CnC|http(s)",0
534,"serD|remoteAccess",1
534,"hostD|http(s)",2
535,"vulnD|storage",0
535,"serD|unassigned",1
535,"vulnD|storage",2
535,"serD|unassigned",3
536,"uPrivEsc|hostingServer",0
536,"uPrivEsc|hostingServer",1
536,"uPrivEsc|hostingServer",2
