"case","event"
"case_1","infoD"
"case_1","infoD"
"case_1","CnC"
"case_2","serD"
"case_2","vulnD"
"case_2","serD"
"case_2","vulnD"
"case_2","serD"
"case_2","vulnD"
"case_3","serD"
"case_3","vulnD"
"case_3","serD"
"case_3","vulnD"
"case_3","hostD"
"case_3","surf"
"case_3","infoD"
"case_3","serD"
"case_3","vulnD"
"case_3","hostD"
"case_3","surf"
"case_3","infoD"
"case_3","netDOS"
"case_4","surf"
"case_4","infoD"
"case_4","surf"
"case_4","serD"
"case_4","vulnD"
"case_4","infoD"
"case_4","hostD"
"case_4","serD"
"case_5","serD"
"case_5","vulnD"
"case_5","serD"
"case_5","vulnD"
"case_5","serD"
"case_5","vulnD"
"case_6","serD"
"case_6","vulnD"
"case_6","serD"
"case_6","vulnD"
"case_6","serD"
"case_6","vulnD"
"case_7","serD"
"case_7","vulnD"
"case_7","serD"
"case_7","vulnD"
"case_7","serD"
"case_7","vulnD"
"case_7","infoD"
"case_7","surf"
"case_8","serD"
"case_8","vulnD"
"case_8","serD"
"case_8","vulnD"
"case_8","serD"
"case_8","vulnD"
"case_9","serD"
"case_9","vulnD"
"case_9","serD"
"case_9","vulnD"
"case_9","serD"
"case_9","vulnD"
"case_9","surf"
"case_9","infoD"
"case_9","netDOS"
"case_10","serD"
"case_10","vulnD"
"case_10","serD"
"case_10","vulnD"
"case_10","serD"
"case_10","vulnD"
"case_10","serD"
"case_10","vulnD"
"case_11","serD"
"case_11","vulnD"
"case_11","serD"
"case_11","vulnD"
"case_11","serD"
"case_11","vulnD"
"case_11","serD"
"case_11","vulnD"
"case_12","serD"
"case_12","vulnD"
"case_12","serD"
"case_12","vulnD"
"case_12","serD"
"case_12","vulnD"
"case_13","serD"
"case_13","vulnD"
"case_13","serD"
"case_13","vulnD"
"case_13","hostD"
"case_13","serD"
"case_13","vulnD"
"case_13","hostD"
"case_13","surf"
"case_13","infoD"
"case_13","netDOS"
"case_14","surf"
"case_14","infoD"
"case_14","netDOS"
"case_15","hostD"
"case_15","serD"
"case_15","vulnD"
"case_16","hostD"
"case_16","serD"
"case_16","vulnD"
"case_16","surf"
"case_16","infoD"
"case_17","hostD"
"case_17","serD"
"case_17","vulnD"
"case_17","bfCred"
"case_18","hostD"
"case_18","serD"
"case_18","vulnD"
"case_19","hostD"
"case_19","serD"
"case_19","vulnD"
"case_19","surf"
"case_19","infoD"
"case_19","netDOS"
"case_20","hostD"
"case_20","serD"
"case_20","vulnD"
"case_20","surf"
"case_21","serD"
"case_21","vulnD"
"case_21","serD"
"case_21","vulnD"
"case_22","hostD"
"case_22","serD"
"case_22","vulnD"
"case_23","hostD"
"case_23","serD"
"case_23","vulnD"
"case_23","surf"
"case_23","infoD"
"case_23","netDOS"
"case_24","surf"
"case_24","serD"
"case_24","vulnD"
"case_24","infoD"
"case_24","rPrivEsc"
"case_24","acctManip"
"case_24","remoteexp"
"case_24","CnC"
"case_24","ACE"
"case_24","resHJ"
"case_24","dManip"
"case_24","exfil"
"case_24","delivery"
"case_25","serD"
"case_25","serD"
"case_25","vulnD"
"case_25","surf"
"case_25","vulnD"
"case_25","infoD"
"case_25","rPrivEsc"
"case_25","acctManip"
"case_25","remoteexp"
"case_25","CnC"
"case_25","ACE"
"case_25","resHJ"
"case_25","dManip"
"case_25","exfil"
"case_25","delivery"
"case_26","serD"
"case_26","vulnD"
"case_26","surf"
"case_26","vulnD"
"case_26","infoD"
"case_26","rPrivEsc"
"case_26","acctManip"
"case_26","remoteexp"
"case_26","CnC"
"case_26","ACE"
"case_26","resHJ"
"case_26","dManip"
"case_26","exfil"
"case_26","delivery"
"case_27","serD"
"case_27","vulnD"
"case_27","serD"
"case_27","vulnD"
"case_28","serD"
"case_28","vulnD"
"case_28","serD"
"case_28","vulnD"
"case_29","serD"
"case_29","vulnD"
"case_29","serD"
"case_29","vulnD"
"case_30","serD"
"case_30","vulnD"
"case_30","surf"
"case_30","vulnD"
"case_30","infoD"
"case_30","rPrivEsc"
"case_30","remoteexp"
"case_30","ACE"
"case_30","dManip"
"case_30","exfil"
"case_31","serD"
"case_31","vulnD"
"case_31","serD"
"case_31","vulnD"
"case_31","serD"
"case_31","vulnD"
"case_32","serD"
"case_32","vulnD"
"case_32","serD"
"case_32","vulnD"
"case_32","serD"
"case_32","vulnD"
"case_33","serD"
"case_33","vulnD"
"case_33","serD"
"case_33","vulnD"
"case_33","serD"
"case_33","vulnD"
"case_34","serD"
"case_34","vulnD"
"case_34","serD"
"case_34","vulnD"
"case_34","serD"
"case_34","vulnD"
"case_35","serD"
"case_35","vulnD"
"case_35","serD"
"case_35","vulnD"
"case_35","serD"
"case_35","vulnD"
"case_36","serD"
"case_36","vulnD"
"case_36","serD"
"case_36","vulnD"
"case_36","serD"
"case_36","vulnD"
"case_37","serD"
"case_37","vulnD"
"case_37","serD"
"case_37","vulnD"
"case_37","hostD"
"case_37","serD"
"case_37","vulnD"
"case_37","serD"
"case_37","vulnD"
"case_37","hostD"
"case_37","surf"
"case_37","infoD"
"case_37","rPrivEsc"
"case_37","acctManip"
"case_37","remoteexp"
"case_37","ACE"
"case_37","resHJ"
"case_37","dManip"
"case_37","exfil"
"case_37","delivery"
"case_38","serD"
"case_38","vulnD"
"case_38","serD"
"case_38","vulnD"
"case_38","serD"
"case_38","vulnD"
"case_38","serD"
"case_38","vulnD"
"case_39","serD"
"case_39","vulnD"
"case_39","serD"
"case_39","vulnD"
"case_39","serD"
"case_39","vulnD"
"case_40","serD"
"case_40","vulnD"
"case_40","serD"
"case_40","vulnD"
"case_40","serD"
"case_40","vulnD"
"case_40","serD"
"case_40","vulnD"
"case_41","serD"
"case_41","vulnD"
"case_41","infoD"
"case_41","hostD"
"case_41","serD"
"case_41","vulnD"
"case_41","hostD"
"case_42","serD"
"case_42","vulnD"
"case_42","serD"
"case_42","vulnD"
"case_43","serD"
"case_43","vulnD"
"case_43","serD"
"case_43","vulnD"
"case_44","hostD"
"case_44","serD"
"case_44","vulnD"
"case_44","serD"
"case_44","vulnD"
"case_44","hostD"
"case_45","serD"
"case_45","vulnD"
"case_45","serD"
"case_45","vulnD"
"case_46","serD"
"case_46","vulnD"
"case_46","serD"
"case_46","vulnD"
"case_47","hostD"
"case_47","serD"
"case_47","vulnD"
"case_47","infoD"
"case_47","exfil"
"case_48","vulnD"
"case_48","serD"
"case_48","hostD"
"case_48","infoD"
"case_48","exfil"
"case_49","serD"
"case_49","vulnD"
"case_49","serD"
"case_49","vulnD"
"case_50","serD"
"case_50","vulnD"
"case_50","serD"
"case_50","hostD"
"case_50","serD"
"case_50","vulnD"
"case_50","serD"
"case_50","hostD"
"case_51","hostD"
"case_51","serD"
"case_51","vulnD"
"case_51","bfCred"
"case_52","serD"
"case_52","vulnD"
"case_52","hostD"
"case_53","hostD"
"case_53","serD"
"case_53","vulnD"
"case_54","serD"
"case_54","vulnD"
"case_54","serD"
"case_54","vulnD"
"case_55","serD"
"case_55","vulnD"
"case_55","serD"
"case_55","vulnD"
"case_56","serD"
"case_56","vulnD"
"case_56","vulnD"
"case_57","serD"
"case_57","vulnD"
"case_57","serD"
"case_57","vulnD"
"case_58","vulnD"
"case_58","rPrivEsc"
"case_58","remoteexp"
"case_58","dManip"
"case_58","exfil"
"case_59","vulnD"
"case_59","serD"
"case_59","hostD"
"case_60","serD"
"case_60","vulnD"
"case_60","hostD"
"case_61","serD"
"case_61","serD"
"case_61","vulnD"
"case_62","serD"
"case_62","serD"
"case_62","vulnD"
"case_63","hostD"
"case_63","serD"
"case_63","vulnD"
"case_64","hostD"
"case_64","serD"
"case_64","vulnD"
"case_65","serD"
"case_65","vulnD"
"case_65","hostD"
"case_66","serD"
"case_66","vulnD"
"case_66","hostD"
"case_67","serD"
"case_67","vulnD"
"case_67","vulnD"
"case_68","serD"
"case_68","vulnD"
"case_68","hostD"
"case_68","serD"
"case_68","vulnD"
"case_68","vulnD"
"case_68","infoD"
"case_68","uPrivEsc"
"case_68","rPrivEsc"
"case_68","exfil"
"case_68","delivery"
"case_69","serD"
"case_69","PAexp"
"case_69","remoteexp"
"case_69","ACE"
"case_69","dManip"
"case_70","serD"
"case_70","vulnD"
"case_70","rPrivEsc"
"case_70","remoteexp"
"case_70","ACE"
"case_70","dManip"
"case_71","serD"
"case_71","serD"
"case_71","surf"
"case_71","serD"
"case_71","vulnD"
"case_71","infoD"
"case_71","PAexp"
"case_71","remoteexp"
"case_71","dManip"
"case_71","exfil"
"case_71","delivery"
"case_72","serD"
"case_72","vulnD"
"case_72","serD"
"case_72","vulnD"
"case_72","vulnD"
"case_72","uPrivEsc"
"case_72","rPrivEsc"
"case_73","infoD"
"case_73","exfil"
"case_73","delivery"
"case_74","vulnD"
"case_74","remoteexp"
"case_74","ACE"
"case_75","serD"
"case_75","vulnD"
"case_75","hostD"
"case_75","infoD"
"case_75","serD"
"case_75","vulnD"
"case_75","serD"
"case_75","surf"
"case_75","vulnD"
"case_75","infoD"
"case_75","uPrivEsc"
"case_75","rPrivEsc"
"case_75","resHJ"
"case_75","exfil"
"case_76","serD"
"case_76","PAexp"
"case_76","remoteexp"
"case_76","ACE"
"case_76","dManip"
"case_76","delivery"
"case_77","vulnD"
"case_77","serD"
"case_77","acctManip"
"case_77","TOexp"
"case_77","remoteexp"
"case_77","ACE"
"case_77","privEsc"
"case_77","dManip"
"case_77","exfil"
"case_78","serD"
"case_78","serD"
"case_78","serD"
"case_78","serD"
"case_78","vulnD"
"case_78","infoD"
"case_78","rPrivEsc"
"case_78","TOexp"
"case_78","remoteexp"
"case_78","CnC"
"case_78","ACE"
"case_78","dManip"
"case_78","delivery"
"case_79","serD"
"case_79","vulnD"
"case_79","hostD"
"case_79","serD"
"case_79","vulnD"
"case_79","surf"
"case_79","vulnD"
"case_79","infoD"
"case_79","uPrivEsc"
"case_79","rPrivEsc"
"case_80","serD"
"case_80","PAexp"
"case_80","remoteexp"
"case_80","ACE"
"case_80","dManip"
"case_80","exfil"
"case_80","delivery"
"case_81","vulnD"
"case_81","rPrivEsc"
"case_81","remoteexp"
"case_81","ACE"
"case_81","dManip"
"case_82","serD"
"case_82","serD"
"case_82","serD"
"case_82","vulnD"
"case_82","infoD"
"case_82","TOexp"
"case_82","PAexp"
"case_82","remoteexp"
"case_82","ACE"
"case_82","dManip"
"case_82","exfil"
"case_82","delivery"
"case_83","serD"
"case_83","serD"
"case_83","serD"
"case_84","serD"
"case_84","vulnD"
"case_84","vulnD"
"case_85","serD"
"case_85","vulnD"
"case_85","bfCred"
"case_86","hostD"
"case_86","serD"
"case_86","vulnD"
"case_86","infoD"
"case_86","vulnD"
"case_86","infoD"
"case_86","serD"
"case_86","vulnD"
"case_86","bfCred"
"case_87","surf"
"case_87","serD"
"case_87","vulnD"
"case_87","infoD"
"case_87","rPrivEsc"
"case_87","resHJ"
"case_87","exfil"
"case_88","acctManip"
"case_88","TOexp"
"case_88","PAexp"
"case_88","remoteexp"
"case_88","ACE"
"case_88","privEsc"
"case_88","dManip"
"case_89","hostD"
"case_89","serD"
"case_89","vulnD"
"case_89","infoD"
"case_89","acctManip"
"case_89","netDOS"
"case_90","hostD"
"case_90","serD"
"case_90","vulnD"
"case_90","infoD"
"case_90","acctManip"
"case_90","netDOS"
"case_91","hostD"
"case_91","serD"
"case_91","vulnD"
"case_91","infoD"
"case_91","acctManip"
"case_91","netDOS"
"case_92","hostD"
"case_92","serD"
"case_92","vulnD"
"case_92","infoD"
"case_92","acctManip"
"case_92","netDOS"
"case_93","hostD"
"case_93","serD"
"case_93","vulnD"
"case_93","infoD"
"case_93","acctManip"
"case_93","netDOS"
"case_94","hostD"
"case_94","serD"
"case_94","vulnD"
"case_94","infoD"
"case_94","acctManip"
"case_94","netDOS"
"case_95","hostD"
"case_95","serD"
"case_95","vulnD"
"case_95","infoD"
"case_95","acctManip"
"case_95","netDOS"
"case_96","hostD"
"case_96","serD"
"case_96","vulnD"
"case_96","infoD"
"case_96","acctManip"
"case_96","netDOS"
"case_97","hostD"
"case_97","vulnD"
"case_97","infoD"
"case_97","acctManip"
"case_97","netDOS"
"case_98","hostD"
"case_98","serD"
"case_98","vulnD"
"case_98","infoD"
"case_98","acctManip"
"case_98","netDOS"
"case_99","hostD"
"case_99","serD"
"case_99","vulnD"
"case_99","infoD"
"case_99","acctManip"
"case_99","netDOS"
"case_100","serD"
"case_100","vulnD"
"case_100","hostD"
"case_100","infoD"
"case_100","acctManip"
"case_100","netDOS"
"case_101","serD"
"case_101","vulnD"
"case_101","hostD"
"case_101","infoD"
"case_101","acctManip"
"case_101","netDOS"
"case_102","serD"
"case_102","vulnD"
"case_102","hostD"
"case_102","infoD"
"case_102","bfCred"
"case_102","acctManip"
"case_102","netDOS"
"case_103","rPrivEsc"
"case_103","CnC"
"case_103","privEsc"
"case_103","exfil"
"case_104","serD"
"case_104","vulnD"
"case_104","hostD"
"case_104","infoD"
"case_104","acctManip"
"case_104","netDOS"
"case_105","serD"
"case_105","uPrivEsc"
"case_105","uPrivEsc"
"case_106","vulnD"
"case_106","hostD"
"case_106","infoD"
"case_106","acctManip"
"case_106","netDOS"
"case_107","vulnD"
"case_107","hostD"
"case_107","infoD"
"case_107","acctManip"
"case_107","netDOS"
"case_108","vulnD"
"case_108","hostD"
"case_108","infoD"
"case_108","acctManip"
"case_108","netDOS"
"case_109","infoD"
"case_109","infoD"
"case_109","CnC"
"case_110","hostD"
"case_110","serD"
"case_110","vulnD"
"case_110","serD"
"case_110","vulnD"
"case_110","hostD"
"case_110","hostD"
"case_111","serD"
"case_111","vulnD"
"case_111","hostD"
"case_111","serD"
"case_111","vulnD"
"case_111","CnC"
"case_112","serD"
"case_112","vulnD"
"case_112","serD"
"case_112","vulnD"
"case_113","serD"
"case_113","vulnD"
"case_113","hostD"
"case_113","infoD"
"case_113","exfil"
"case_114","serD"
"case_114","vulnD"
"case_114","hostD"
"case_114","infoD"
"case_114","exfil"
"case_115","serD"
"case_115","vulnD"
"case_115","hostD"
"case_115","serD"
"case_115","vulnD"
"case_115","hostD"
"case_115","surf"
"case_115","infoD"
"case_115","netDOS"
"case_116","serD"
"case_116","vulnD"
"case_116","serD"
"case_116","vulnD"
"case_117","hostD"
"case_117","serD"
"case_117","vulnD"
"case_117","infoD"
"case_117","exfil"
"case_118","serD"
"case_118","vulnD"
"case_118","hostD"
"case_118","exfil"
"case_119","serD"
"case_119","vulnD"
"case_119","bfCred"
"case_120","hostD"
"case_120","serD"
"case_120","vulnD"
"case_120","bfCred"
"case_121","hostD"
"case_121","hostD"
"case_121","serD"
"case_121","vulnD"
"case_121","rPrivEsc"
"case_122","serD"
"case_122","vulnD"
"case_122","hostD"
"case_122","infoD"
"case_122","infoD"
"case_122","hostD"
"case_123","serD"
"case_123","vulnD"
"case_123","hostD"
"case_123","infoD"
"case_123","infoD"
"case_123","hostD"
"case_124","serD"
"case_124","vulnD"
"case_124","hostD"
"case_124","infoD"
"case_124","infoD"
"case_124","hostD"
"case_125","serD"
"case_125","vulnD"
"case_125","surf"
"case_125","infoD"
"case_125","netDOS"
"case_126","surf"
"case_126","serD"
"case_126","infoD"
"case_126","netDOS"
"case_127","hostD"
"case_127","infoD"
"case_127","infoD"
"case_127","hostD"
"case_127","surf"
"case_127","infoD"
"case_127","netDOS"
"case_128","serD"
"case_128","vulnD"
"case_128","surf"
"case_128","infoD"
"case_128","netDOS"
"case_129","surf"
"case_129","infoD"
"case_129","hostD"
"case_129","infoD"
"case_129","infoD"
"case_129","hostD"
"case_130","serD"
"case_130","vulnD"
"case_130","hostD"
"case_130","infoD"
"case_130","infoD"
"case_130","hostD"
"case_131","serD"
"case_131","vulnD"
"case_131","hostD"
"case_131","infoD"
"case_131","infoD"
"case_131","hostD"
"case_132","serD"
"case_132","vulnD"
"case_132","hostD"
"case_132","infoD"
"case_132","infoD"
"case_132","hostD"
"case_133","serD"
"case_133","vulnD"
"case_133","hostD"
"case_133","infoD"
"case_133","infoD"
"case_133","hostD"
"case_134","serD"
"case_134","vulnD"
"case_134","hostD"
"case_134","infoD"
"case_134","infoD"
"case_134","hostD"
"case_135","serD"
"case_135","vulnD"
"case_135","hostD"
"case_135","infoD"
"case_135","infoD"
"case_135","hostD"
"case_136","serD"
"case_136","vulnD"
"case_136","serD"
"case_136","vulnD"
"case_136","serD"
"case_136","vulnD"
"case_136","hostD"
"case_136","serD"
"case_136","vulnD"
"case_136","hostD"
"case_137","serD"
"case_137","vulnD"
"case_137","serD"
"case_137","vulnD"
"case_137","serD"
"case_137","vulnD"
"case_137","serD"
"case_137","vulnD"
"case_138","serD"
"case_138","vulnD"
"case_138","serD"
"case_138","vulnD"
"case_138","serD"
"case_138","vulnD"
"case_138","serD"
"case_138","vulnD"
"case_139","serD"
"case_139","vulnD"
"case_139","serD"
"case_139","vulnD"
"case_139","serD"
"case_139","vulnD"
"case_139","serD"
"case_139","vulnD"
"case_140","serD"
"case_140","vulnD"
"case_140","serD"
"case_140","vulnD"
"case_140","serD"
"case_140","vulnD"
"case_140","serD"
"case_140","vulnD"
"case_141","serD"
"case_141","vulnD"
"case_141","serD"
"case_141","vulnD"
"case_141","hostD"
"case_141","serD"
"case_141","vulnD"
"case_141","hostD"
"case_141","serD"
"case_141","vulnD"
"case_141","hostD"
"case_142","serD"
"case_142","vulnD"
"case_142","serD"
"case_142","vulnD"
"case_142","serD"
"case_142","vulnD"
"case_142","serD"
"case_142","vulnD"
"case_143","serD"
"case_143","vulnD"
"case_143","serD"
"case_143","vulnD"
"case_143","serD"
"case_143","vulnD"
"case_143","serD"
"case_143","vulnD"
"case_144","serD"
"case_144","vulnD"
"case_144","serD"
"case_144","vulnD"
"case_144","serD"
"case_144","vulnD"
"case_144","serD"
"case_144","vulnD"
"case_145","serD"
"case_145","vulnD"
"case_145","serD"
"case_145","vulnD"
"case_145","serD"
"case_145","vulnD"
"case_145","hostD"
"case_145","serD"
"case_145","vulnD"
"case_145","hostD"
"case_146","serD"
"case_146","vulnD"
"case_146","serD"
"case_146","vulnD"
"case_146","hostD"
"case_146","serD"
"case_146","vulnD"
"case_146","serD"
"case_146","vulnD"
"case_146","infoD"
"case_146","hostD"
"case_146","serD"
"case_146","vulnD"
"case_146","hostD"
"case_147","hostD"
"case_147","serD"
"case_147","vulnD"
"case_147","uPrivEsc"
"case_148","hostD"
"case_148","serD"
"case_148","vulnD"
"case_148","CnC"
"case_149","surf"
"case_149","infoD"
"case_149","uPrivEsc"
"case_149","netDOS"
"case_150","serD"
"case_150","vulnD"
"case_150","hostD"
"case_150","infoD"
"case_150","exfil"
"case_151","uPrivEsc"
"case_151","uPrivEsc"
"case_151","uPrivEsc"
"case_152","serD"
"case_152","vulnD"
"case_152","hostD"
"case_152","infoD"
"case_152","exfil"
"case_153","surf"
"case_153","infoD"
"case_153","netDOS"
"case_154","serD"
"case_154","vulnD"
"case_154","surf"
"case_154","infoD"
"case_154","netDOS"
"case_155","serD"
"case_155","vulnD"
"case_155","serD"
"case_155","vulnD"
"case_155","serD"
"case_155","vulnD"
"case_155","hostD"
"case_155","serD"
"case_155","vulnD"
"case_155","hostD"
"case_156","surf"
"case_156","infoD"
"case_156","netDOS"
"case_157","serD"
"case_157","vulnD"
"case_157","surf"
"case_157","infoD"
"case_157","netDOS"
"case_158","serD"
"case_158","vulnD"
"case_158","vulnD"
"case_158","vulnD"
"case_158","serD"
"case_158","vulnD"
"case_158","hostD"
"case_158","serD"
"case_158","vulnD"
"case_158","hostD"
"case_159","serD"
"case_159","vulnD"
"case_159","serD"
"case_159","vulnD"
"case_159","vulnD"
"case_159","vulnD"
"case_159","serD"
"case_159","vulnD"
"case_159","serD"
"case_159","vulnD"
"case_160","serD"
"case_160","vulnD"
"case_160","serD"
"case_160","vulnD"
"case_160","vulnD"
"case_160","serD"
"case_160","vulnD"
"case_160","serD"
"case_160","vulnD"
"case_160","hostD"
"case_160","serD"
"case_160","vulnD"
"case_160","hostD"
"case_161","serD"
"case_161","vulnD"
"case_161","serD"
"case_161","vulnD"
"case_161","serD"
"case_161","vulnD"
"case_161","vulnD"
"case_161","vulnD"
"case_161","serD"
"case_161","vulnD"
"case_161","serD"
"case_161","vulnD"
"case_162","serD"
"case_162","vulnD"
"case_162","serD"
"case_162","vulnD"
"case_162","vulnD"
"case_162","vulnD"
"case_162","serD"
"case_162","vulnD"
"case_162","serD"
"case_162","vulnD"
"case_163","serD"
"case_163","vulnD"
"case_163","serD"
"case_163","vulnD"
"case_163","vulnD"
"case_163","vulnD"
"case_163","serD"
"case_163","vulnD"
"case_163","serD"
"case_163","vulnD"
"case_164","serD"
"case_164","vulnD"
"case_164","serD"
"case_164","vulnD"
"case_164","vulnD"
"case_164","vulnD"
"case_164","serD"
"case_164","vulnD"
"case_164","serD"
"case_164","vulnD"
"case_165","serD"
"case_165","vulnD"
"case_165","surf"
"case_165","infoD"
"case_165","serD"
"case_165","vulnD"
"case_165","vulnD"
"case_165","serD"
"case_165","vulnD"
"case_165","serD"
"case_165","vulnD"
"case_166","serD"
"case_166","vulnD"
"case_166","serD"
"case_166","vulnD"
"case_166","vulnD"
"case_166","vulnD"
"case_166","vulnD"
"case_166","serD"
"case_166","serD"
"case_166","vulnD"
"case_166","vulnD"
"case_166","vulnD"
"case_167","serD"
"case_167","vulnD"
"case_167","serD"
"case_167","vulnD"
"case_167","vulnD"
"case_167","serD"
"case_167","vulnD"
"case_167","serD"
"case_167","vulnD"
"case_167","hostD"
"case_167","serD"
"case_167","vulnD"
"case_167","hostD"
"case_168","hostD"
"case_168","serD"
"case_168","vulnD"
"case_168","surf"
"case_168","infoD"
"case_168","netDOS"
"case_169","hostD"
"case_169","serD"
"case_169","vulnD"
"case_169","serD"
"case_170","hostD"
"case_170","serD"
"case_170","vulnD"
"case_170","bfCred"
"case_171","serD"
"case_171","vulnD"
"case_171","serD"
"case_171","vulnD"
"case_171","serD"
"case_171","vulnD"
"case_172","serD"
"case_172","vulnD"
"case_172","hostD"
"case_172","serD"
"case_172","vulnD"
"case_172","infoD"
"case_172","serD"
"case_172","vulnD"
"case_173","serD"
"case_173","vulnD"
"case_173","serD"
"case_173","vulnD"
"case_174","serD"
"case_174","vulnD"
"case_174","serD"
"case_174","vulnD"
"case_174","serD"
"case_174","vulnD"
"case_174","serD"
"case_174","vulnD"
"case_175","serD"
"case_175","vulnD"
"case_175","serD"
"case_175","vulnD"
"case_175","serD"
"case_175","vulnD"
"case_175","serD"
"case_175","vulnD"
"case_176","serD"
"case_176","vulnD"
"case_176","serD"
"case_176","vulnD"
"case_176","serD"
"case_176","vulnD"
"case_176","serD"
"case_176","vulnD"
"case_176","serD"
"case_176","vulnD"
"case_177","serD"
"case_177","vulnD"
"case_177","serD"
"case_177","vulnD"
"case_178","serD"
"case_178","vulnD"
"case_178","serD"
"case_178","vulnD"
"case_179","serD"
"case_179","vulnD"
"case_179","hostD"
"case_179","serD"
"case_179","vulnD"
"case_179","hostD"
"case_179","serD"
"case_179","vulnD"
"case_180","serD"
"case_180","vulnD"
"case_180","serD"
"case_180","vulnD"
"case_181","serD"
"case_181","vulnD"
"case_181","hostD"
"case_181","hostD"
"case_181","serD"
"case_181","vulnD"
"case_182","hostD"
"case_182","serD"
"case_182","vulnD"
"case_182","serD"
"case_182","vulnD"
"case_182","hostD"
"case_183","CnC"
"case_183","CnC"
"case_183","CnC"
"case_184","infoD"
"case_184","exfil"
"case_184","exfil"
"case_185","serD"
"case_185","vulnD"
"case_185","infoD"
"case_185","exfil"
"case_186","serD"
"case_186","vulnD"
"case_186","uPrivEsc"
"case_187","infoD"
"case_187","serD"
"case_187","vulnD"
"case_187","serD"
"case_187","vulnD"
"case_187","serD"
"case_187","vulnD"
"case_187","hostD"
"case_187","infoD"
"case_187","serD"
"case_187","vulnD"
"case_187","serD"
"case_187","vulnD"
"case_187","infoD"
"case_188","infoD"
"case_188","serD"
"case_188","vulnD"
"case_188","infoD"
"case_188","infoD"
"case_189","infoD"
"case_189","serD"
"case_189","vulnD"
"case_189","serD"
"case_189","vulnD"
"case_189","serD"
"case_189","vulnD"
"case_190","serD"
"case_190","vulnD"
"case_190","serD"
"case_190","vulnD"
"case_190","serD"
"case_190","vulnD"
"case_191","serD"
"case_191","vulnD"
"case_191","serD"
"case_191","vulnD"
"case_191","serD"
"case_191","vulnD"
"case_192","serD"
"case_192","vulnD"
"case_192","serD"
"case_192","vulnD"
"case_192","serD"
"case_192","vulnD"
"case_193","serD"
"case_193","vulnD"
"case_193","serD"
"case_193","vulnD"
"case_193","serD"
"case_193","vulnD"
"case_193","serD"
"case_193","vulnD"
"case_193","infoD"
"case_193","serD"
"case_193","vulnD"
"case_194","serD"
"case_194","vulnD"
"case_194","serD"
"case_194","vulnD"
"case_194","serD"
"case_194","vulnD"
"case_195","serD"
"case_195","vulnD"
"case_195","serD"
"case_195","vulnD"
"case_195","serD"
"case_195","vulnD"
"case_196","serD"
"case_196","vulnD"
"case_196","serD"
"case_196","vulnD"
"case_196","serD"
"case_196","vulnD"
"case_197","serD"
"case_197","vulnD"
"case_197","serD"
"case_197","vulnD"
"case_197","serD"
"case_197","vulnD"
"case_197","serD"
"case_197","vulnD"
"case_197","infoD"
"case_197","serD"
"case_197","vulnD"
"case_197","infoD"
"case_198","serD"
"case_198","vulnD"
"case_198","serD"
"case_198","vulnD"
"case_198","serD"
"case_198","vulnD"
"case_199","infoD"
"case_199","serD"
"case_199","vulnD"
"case_200","serD"
"case_200","vulnD"
"case_200","vulnD"
"case_200","hostD"
"case_201","infoD"
"case_201","infoD"
"case_201","CnC"
"case_202","hostD"
"case_202","serD"
"case_202","vulnD"
"case_203","hostD"
"case_203","serD"
"case_203","vulnD"
"case_204","hostD"
"case_204","serD"
"case_204","vulnD"
"case_204","uPrivEsc"
"case_205","hostD"
"case_205","serD"
"case_205","vulnD"
"case_206","hostD"
"case_206","serD"
"case_206","vulnD"
"case_207","hostD"
"case_207","serD"
"case_207","vulnD"
"case_207","bfCred"
"case_208","hostD"
"case_208","serD"
"case_208","vulnD"
"case_208","serD"
"case_208","vulnD"
"case_208","hostD"
"case_208","infoD"
"case_208","hostD"
"case_209","serD"
"case_209","vulnD"
"case_209","serD"
"case_209","vulnD"
"case_209","serD"
"case_209","vulnD"
"case_209","infoD"
"case_209","hostD"
"case_209","serD"
"case_209","vulnD"
"case_209","hostD"
"case_210","serD"
"case_210","vulnD"
"case_210","serD"
"case_210","vulnD"
"case_210","serD"
"case_210","vulnD"
"case_210","infoD"
"case_210","hostD"
"case_210","serD"
"case_210","vulnD"
"case_210","hostD"
"case_211","serD"
"case_211","vulnD"
"case_211","serD"
"case_211","vulnD"
"case_211","serD"
"case_211","vulnD"
"case_211","infoD"
"case_211","hostD"
"case_211","serD"
"case_211","vulnD"
"case_212","hostD"
"case_212","serD"
"case_212","vulnD"
"case_212","serD"
"case_212","vulnD"
"case_212","serD"
"case_212","vulnD"
"case_212","serD"
"case_212","hostD"
"case_212","infoD"
"case_212","hostD"
"case_212","serD"
"case_212","vulnD"
"case_212","hostD"
"case_213","serD"
"case_213","vulnD"
"case_213","serD"
"case_213","vulnD"
"case_213","serD"
"case_213","vulnD"
"case_213","infoD"
"case_213","hostD"
"case_213","serD"
"case_213","vulnD"
"case_214","serD"
"case_214","vulnD"
"case_214","serD"
"case_214","vulnD"
"case_214","serD"
"case_214","vulnD"
"case_214","infoD"
"case_214","hostD"
"case_214","serD"
"case_214","vulnD"
"case_215","serD"
"case_215","vulnD"
"case_215","serD"
"case_215","vulnD"
"case_215","serD"
"case_215","vulnD"
"case_215","infoD"
"case_215","hostD"
"case_216","hostD"
"case_216","serD"
"case_216","vulnD"
"case_216","bfCred"
"case_217","serD"
"case_217","vulnD"
"case_217","serD"
"case_217","vulnD"
"case_217","bfCred"
"case_218","hostD"
"case_218","hostD"
"case_218","infoD"
"case_218","infoD"
"case_219","hostD"
"case_219","serD"
"case_219","vulnD"
"case_219","serD"
"case_219","vulnD"
"case_219","serD"
"case_219","vulnD"
"case_219","hostD"
"case_219","infoD"
"case_219","hostD"
"case_220","hostD"
"case_220","serD"
"case_220","vulnD"
"case_220","serD"
"case_220","vulnD"
"case_220","serD"
"case_220","vulnD"
"case_220","hostD"
"case_220","infoD"
"case_220","hostD"
"case_221","hostD"
"case_221","serD"
"case_221","vulnD"
"case_221","vulnD"
"case_221","serD"
"case_221","vulnD"
"case_221","hostD"
"case_221","infoD"
"case_221","hostD"
"case_222","serD"
"case_222","vulnD"
"case_222","serD"
"case_222","vulnD"
"case_222","serD"
"case_222","vulnD"
"case_222","infoD"
"case_222","hostD"
"case_222","serD"
"case_222","vulnD"
"case_223","serD"
"case_223","vulnD"
"case_223","serD"
"case_223","vulnD"
"case_223","serD"
"case_223","vulnD"
"case_223","infoD"
"case_223","hostD"
"case_223","serD"
"case_223","vulnD"
"case_224","serD"
"case_224","vulnD"
"case_224","serD"
"case_224","vulnD"
"case_224","serD"
"case_224","vulnD"
"case_224","infoD"
"case_224","hostD"
"case_224","serD"
"case_224","vulnD"
"case_224","vulnD"
"case_225","serD"
"case_225","vulnD"
"case_225","serD"
"case_225","vulnD"
"case_225","serD"
"case_225","vulnD"
"case_225","infoD"
"case_225","hostD"
"case_225","serD"
"case_225","vulnD"
"case_226","hostD"
"case_226","serD"
"case_226","vulnD"
"case_226","serD"
"case_226","vulnD"
"case_226","serD"
"case_226","vulnD"
"case_226","hostD"
"case_226","infoD"
"case_226","hostD"
"case_227","hostD"
"case_227","serD"
"case_227","vulnD"
"case_227","serD"
"case_227","vulnD"
"case_227","serD"
"case_227","vulnD"
"case_227","hostD"
"case_227","infoD"
"case_227","hostD"
"case_227","serD"
"case_227","vulnD"
"case_227","hostD"
"case_228","serD"
"case_228","vulnD"
"case_228","serD"
"case_228","vulnD"
"case_228","serD"
"case_228","vulnD"
"case_228","infoD"
"case_228","hostD"
"case_229","surf"
"case_229","hostD"
"case_229","serD"
"case_229","vulnD"
"case_229","infoD"
"case_229","rPrivEsc"
"case_229","acctManip"
"case_229","remoteexp"
"case_229","CnC"
"case_229","ACE"
"case_229","resHJ"
"case_229","dManip"
"case_229","exfil"
"case_229","delivery"
"case_230","surf"
"case_230","hostD"
"case_230","serD"
"case_230","vulnD"
"case_230","infoD"
"case_230","rPrivEsc"
"case_230","acctManip"
"case_230","remoteexp"
"case_230","CnC"
"case_230","ACE"
"case_230","resHJ"
"case_230","dManip"
"case_230","exfil"
"case_230","delivery"
"case_231","hostD"
"case_231","surf"
"case_231","vulnD"
"case_231","infoD"
"case_231","rPrivEsc"
"case_231","acctManip"
"case_231","remoteexp"
"case_231","ACE"
"case_231","resHJ"
"case_231","dManip"
"case_231","exfil"
"case_231","delivery"
"case_232","serD"
"case_232","vulnD"
"case_232","serD"
"case_232","vulnD"
"case_232","serD"
"case_232","vulnD"
"case_233","serD"
"case_233","vulnD"
"case_233","serD"
"case_233","vulnD"
"case_233","serD"
"case_233","vulnD"
"case_234","serD"
"case_234","vulnD"
"case_234","serD"
"case_234","vulnD"
"case_234","serD"
"case_234","vulnD"
"case_234","serD"
"case_234","vulnD"
"case_235","serD"
"case_235","vulnD"
"case_235","serD"
"case_235","vulnD"
"case_236","serD"
"case_236","vulnD"
"case_236","serD"
"case_236","vulnD"
"case_237","serD"
"case_237","vulnD"
"case_237","serD"
"case_237","vulnD"
"case_237","serD"
"case_237","vulnD"
"case_238","serD"
"case_238","vulnD"
"case_238","serD"
"case_238","vulnD"
"case_238","serD"
"case_238","vulnD"
"case_238","serD"
"case_238","vulnD"
"case_239","serD"
"case_239","vulnD"
"case_239","serD"
"case_239","vulnD"
"case_239","serD"
"case_239","vulnD"
"case_240","serD"
"case_240","vulnD"
"case_240","serD"
"case_240","vulnD"
"case_240","serD"
"case_240","vulnD"
"case_240","infoD"
"case_241","serD"
"case_241","vulnD"
"case_241","serD"
"case_241","vulnD"
"case_242","hostD"
"case_242","serD"
"case_242","vulnD"
"case_242","infoD"
"case_242","ACE"
"case_242","exfil"
"case_243","hostD"
"case_243","surf"
"case_243","vulnD"
"case_243","infoD"
"case_243","rPrivEsc"
"case_243","acctManip"
"case_243","remoteexp"
"case_243","ACE"
"case_243","resHJ"
"case_243","dManip"
"case_243","exfil"
"case_243","delivery"
"case_244","surf"
"case_244","hostD"
"case_244","serD"
"case_244","vulnD"
"case_244","infoD"
"case_244","rPrivEsc"
"case_244","acctManip"
"case_244","remoteexp"
"case_244","CnC"
"case_244","ACE"
"case_244","resHJ"
"case_244","dManip"
"case_244","exfil"
"case_244","delivery"
"case_245","surf"
"case_245","hostD"
"case_245","serD"
"case_245","vulnD"
"case_245","infoD"
"case_245","rPrivEsc"
"case_245","acctManip"
"case_245","remoteexp"
"case_245","CnC"
"case_245","ACE"
"case_245","resHJ"
"case_245","dManip"
"case_245","exfil"
"case_245","delivery"
"case_246","hostD"
"case_246","surf"
"case_246","vulnD"
"case_246","infoD"
"case_246","rPrivEsc"
"case_246","acctManip"
"case_246","remoteexp"
"case_246","ACE"
"case_246","resHJ"
"case_246","dManip"
"case_246","exfil"
"case_246","delivery"
"case_247","surf"
"case_247","hostD"
"case_247","serD"
"case_247","vulnD"
"case_247","infoD"
"case_247","rPrivEsc"
"case_247","acctManip"
"case_247","remoteexp"
"case_247","CnC"
"case_247","ACE"
"case_247","resHJ"
"case_247","dManip"
"case_247","exfil"
"case_247","delivery"
"case_248","surf"
"case_248","hostD"
"case_248","serD"
"case_248","vulnD"
"case_248","infoD"
"case_248","rPrivEsc"
"case_248","acctManip"
"case_248","remoteexp"
"case_248","CnC"
"case_248","ACE"
"case_248","resHJ"
"case_248","dManip"
"case_248","exfil"
"case_248","delivery"
"case_249","hostD"
"case_249","surf"
"case_249","vulnD"
"case_249","infoD"
"case_249","rPrivEsc"
"case_249","acctManip"
"case_249","remoteexp"
"case_249","ACE"
"case_249","resHJ"
"case_249","dManip"
"case_249","exfil"
"case_250","serD"
"case_250","serD"
"case_250","serD"
"case_251","serD"
"case_251","vulnD"
"case_251","hostD"
"case_251","surf"
"case_251","vulnD"
"case_251","infoD"
"case_251","rPrivEsc"
"case_251","acctManip"
"case_251","remoteexp"
"case_251","ACE"
"case_251","dManip"
"case_251","exfil"
"case_251","resHJ"
"case_252","surf"
"case_252","hostD"
"case_252","serD"
"case_252","vulnD"
"case_252","infoD"
"case_252","rPrivEsc"
"case_252","acctManip"
"case_252","remoteexp"
"case_252","CnC"
"case_252","ACE"
"case_252","resHJ"
"case_252","dManip"
"case_252","exfil"
"case_252","delivery"
"case_253","surf"
"case_253","hostD"
"case_253","vulnD"
"case_253","infoD"
"case_253","rPrivEsc"
"case_253","acctManip"
"case_253","remoteexp"
"case_253","ACE"
"case_253","resHJ"
"case_253","dManip"
"case_253","exfil"
"case_253","delivery"
"case_254","surf"
"case_254","hostD"
"case_254","infoD"
"case_254","rPrivEsc"
"case_254","acctManip"
"case_254","remoteexp"
"case_254","CnC"
"case_254","ACE"
"case_254","resHJ"
"case_254","dManip"
"case_254","exfil"
"case_255","surf"
"case_255","hostD"
"case_255","serD"
"case_255","vulnD"
"case_255","infoD"
"case_255","rPrivEsc"
"case_255","acctManip"
"case_255","remoteexp"
"case_255","CnC"
"case_255","ACE"
"case_255","resHJ"
"case_255","dManip"
"case_255","exfil"
"case_255","delivery"
"case_256","surf"
"case_256","hostD"
"case_256","serD"
"case_256","vulnD"
"case_256","infoD"
"case_256","rPrivEsc"
"case_256","acctManip"
"case_256","remoteexp"
"case_256","CnC"
"case_256","ACE"
"case_256","resHJ"
"case_256","dManip"
"case_256","exfil"
"case_256","delivery"
"case_257","surf"
"case_257","hostD"
"case_257","vulnD"
"case_257","infoD"
"case_257","rPrivEsc"
"case_257","acctManip"
"case_257","remoteexp"
"case_257","ACE"
"case_257","resHJ"
"case_257","dManip"
"case_257","exfil"
"case_257","delivery"
"case_258","hostD"
"case_258","serD"
"case_258","vulnD"
"case_258","infoD"
"case_258","ACE"
"case_258","exfil"
"case_259","hostD"
"case_259","surf"
"case_259","vulnD"
"case_259","infoD"
"case_259","rPrivEsc"
"case_259","acctManip"
"case_259","remoteexp"
"case_259","ACE"
"case_259","resHJ"
"case_259","dManip"
"case_259","exfil"
"case_259","delivery"
"case_260","surf"
"case_260","hostD"
"case_260","serD"
"case_260","vulnD"
"case_260","infoD"
"case_260","rPrivEsc"
"case_260","acctManip"
"case_260","remoteexp"
"case_260","ACE"
"case_260","dManip"
"case_260","exfil"
"case_261","hostD"
"case_261","infoD"
"case_261","rPrivEsc"
"case_261","ACE"
"case_261","exfil"
"case_262","surf"
"case_262","acctManip"
"case_262","remoteexp"
"case_262","resHJ"
"case_262","dManip"
"case_263","serD"
"case_263","vulnD"
"case_263","hostD"
"case_263","vulnD"
"case_263","infoD"
"case_263","rPrivEsc"
"case_263","ACE"
"case_263","exfil"
"case_264","acctManip"
"case_264","remoteexp"
"case_264","resHJ"
"case_264","dManip"
"case_265","serD"
"case_265","vulnD"
"case_265","serD"
"case_265","vulnD"
"case_266","serD"
"case_266","vulnD"
"case_266","serD"
"case_266","vulnD"
"case_267","serD"
"case_267","vulnD"
"case_267","serD"
"case_267","vulnD"
"case_268","serD"
"case_268","vulnD"
"case_268","serD"
"case_268","vulnD"
"case_269","serD"
"case_269","vulnD"
"case_269","serD"
"case_269","vulnD"
"case_270","serD"
"case_270","vulnD"
"case_270","vulnD"
"case_270","surf"
"case_270","hostD"
"case_270","serD"
"case_270","infoD"
"case_270","rPrivEsc"
"case_270","acctManip"
"case_270","remoteexp"
"case_270","CnC"
"case_270","ACE"
"case_270","resHJ"
"case_270","dManip"
"case_270","exfil"
"case_270","delivery"
"case_271","serD"
"case_271","vulnD"
"case_271","serD"
"case_271","vulnD"
"case_272","serD"
"case_272","vulnD"
"case_272","vulnD"
"case_272","surf"
"case_272","hostD"
"case_272","serD"
"case_272","infoD"
"case_272","rPrivEsc"
"case_272","acctManip"
"case_272","remoteexp"
"case_272","CnC"
"case_272","ACE"
"case_272","resHJ"
"case_272","dManip"
"case_272","exfil"
"case_272","delivery"
"case_273","serD"
"case_273","vulnD"
"case_273","serD"
"case_273","vulnD"
"case_274","vulnD"
"case_274","vulnD"
"case_274","vulnD"
"case_275","infoD"
"case_275","infoD"
"case_275","CnC"
"case_276","hostD"
"case_276","serD"
"case_276","vulnD"
"case_276","serD"
"case_276","hostD"
"case_276","serD"
"case_276","vulnD"
"case_276","serD"
"case_276","vulnD"
"case_276","hostD"
"case_276","serD"
"case_276","serD"
"case_276","vulnD"
"case_276","hostD"
"case_276","serD"
"case_276","serD"
"case_276","vulnD"
"case_276","hostD"
"case_276","serD"
"case_276","vulnD"
"case_276","hostD"
"case_276","serD"
"case_276","vulnD"
"case_276","serD"
"case_276","vulnD"
"case_277","hostD"
"case_277","serD"
"case_277","vulnD"
"case_277","serD"
"case_277","bfCred"
"case_278","hostD"
"case_278","serD"
"case_278","vulnD"
"case_278","bfCred"
"case_279","hostD"
"case_279","serD"
"case_279","bfCred"
"case_280","serD"
"case_280","vulnD"
"case_280","hostD"
"case_280","serD"
"case_280","rPrivEsc"
"case_281","hostD"
"case_281","serD"
"case_281","vulnD"
"case_281","serD"
"case_281","hostD"
"case_281","serD"
"case_281","vulnD"
"case_281","hostD"
"case_281","serD"
"case_282","hostD"
"case_282","serD"
"case_282","vulnD"
"case_282","serD"
"case_282","hostD"
"case_282","serD"
"case_282","vulnD"
"case_282","hostD"
"case_282","serD"
"case_282","infoD"
"case_282","exfil"
"case_283","serD"
"case_283","vulnD"
"case_283","hostD"
"case_283","exfil"
"case_284","hostD"
"case_284","serD"
"case_284","vulnD"
"case_284","serD"
"case_284","hostD"
"case_284","serD"
"case_284","vulnD"
"case_284","hostD"
"case_284","serD"
"case_284","serD"
"case_284","vulnD"
"case_284","hostD"
"case_284","serD"
"case_285","hostD"
"case_285","serD"
"case_285","vulnD"
"case_285","serD"
"case_285","hostD"
"case_285","serD"
"case_285","vulnD"
"case_285","serD"
"case_285","vulnD"
"case_285","hostD"
"case_285","serD"
"case_285","vulnD"
"case_285","hostD"
"case_286","hostD"
"case_286","serD"
"case_286","vulnD"
"case_286","serD"
"case_286","hostD"
"case_286","serD"
"case_286","vulnD"
"case_286","serD"
"case_286","hostD"
"case_286","serD"
"case_286","vulnD"
"case_286","serD"
"case_286","vulnD"
"case_286","hostD"
"case_286","serD"
"case_286","vulnD"
"case_286","serD"
"case_286","vulnD"
"case_286","hostD"
"case_286","vulnD"
"case_286","hostD"
"case_286","serD"
"case_286","vulnD"
"case_286","serD"
"case_286","vulnD"
"case_286","serD"
"case_286","vulnD"
"case_286","vulnD"
"case_287","serD"
"case_287","serD"
"case_287","vulnD"
"case_287","hostD"
"case_287","serD"
"case_287","vulnD"
"case_287","hostD"
"case_287","infoD"
"case_287","exfil"
"case_288","serD"
"case_288","vulnD"
"case_288","hostD"
"case_288","infoD"
"case_288","exfil"
"case_289","serD"
"case_289","serD"
"case_289","vulnD"
"case_289","serD"
"case_289","vulnD"
"case_289","serD"
"case_289","serD"
"case_289","vulnD"
"case_289","serD"
"case_289","serD"
"case_289","vulnD"
"case_289","serD"
"case_289","vulnD"
"case_289","serD"
"case_289","vulnD"
"case_289","serD"
"case_289","vulnD"
"case_289","serD"
"case_289","vulnD"
"case_290","serD"
"case_290","serD"
"case_290","vulnD"
"case_290","serD"
"case_290","vulnD"
"case_290","serD"
"case_290","serD"
"case_290","vulnD"
"case_290","serD"
"case_290","serD"
"case_290","vulnD"
"case_290","serD"
"case_290","vulnD"
"case_290","serD"
"case_290","serD"
"case_290","vulnD"
"case_290","serD"
"case_290","vulnD"
"case_290","serD"
"case_290","vulnD"
"case_291","serD"
"case_291","serD"
"case_291","vulnD"
"case_291","serD"
"case_291","vulnD"
"case_291","serD"
"case_291","serD"
"case_291","vulnD"
"case_291","serD"
"case_291","serD"
"case_291","vulnD"
"case_291","serD"
"case_291","vulnD"
"case_291","serD"
"case_291","vulnD"
"case_291","serD"
"case_291","vulnD"
"case_292","serD"
"case_292","serD"
"case_292","vulnD"
"case_292","serD"
"case_292","vulnD"
"case_292","serD"
"case_292","serD"
"case_292","vulnD"
"case_292","serD"
"case_292","serD"
"case_292","vulnD"
"case_292","serD"
"case_292","vulnD"
"case_292","serD"
"case_292","vulnD"
"case_292","serD"
"case_292","vulnD"
"case_292","serD"
"case_292","vulnD"
"case_293","serD"
"case_293","serD"
"case_293","vulnD"
"case_293","serD"
"case_293","vulnD"
"case_293","serD"
"case_293","serD"
"case_293","vulnD"
"case_293","serD"
"case_293","serD"
"case_293","vulnD"
"case_293","serD"
"case_293","vulnD"
"case_293","serD"
"case_293","serD"
"case_293","vulnD"
"case_293","serD"
"case_293","vulnD"
"case_293","serD"
"case_293","vulnD"
"case_294","serD"
"case_294","serD"
"case_294","vulnD"
"case_294","serD"
"case_294","vulnD"
"case_294","serD"
"case_294","serD"
"case_294","vulnD"
"case_294","serD"
"case_294","vulnD"
"case_294","serD"
"case_294","vulnD"
"case_294","serD"
"case_294","vulnD"
"case_294","serD"
"case_294","serD"
"case_294","serD"
"case_294","vulnD"
"case_294","serD"
"case_294","vulnD"
"case_294","serD"
"case_294","vulnD"
"case_295","serD"
"case_295","serD"
"case_295","vulnD"
"case_295","serD"
"case_295","vulnD"
"case_295","serD"
"case_295","serD"
"case_295","vulnD"
"case_295","serD"
"case_296","serD"
"case_296","serD"
"case_296","vulnD"
"case_296","serD"
"case_296","vulnD"
"case_296","serD"
"case_296","serD"
"case_296","vulnD"
"case_296","serD"
"case_297","serD"
"case_297","serD"
"case_297","vulnD"
"case_297","serD"
"case_297","vulnD"
"case_297","serD"
"case_297","serD"
"case_297","vulnD"
"case_297","serD"
"case_297","serD"
"case_297","vulnD"
"case_297","serD"
"case_297","vulnD"
"case_297","serD"
"case_297","serD"
"case_297","vulnD"
"case_297","serD"
"case_297","vulnD"
"case_297","serD"
"case_297","vulnD"
"case_298","serD"
"case_298","serD"
"case_298","vulnD"
"case_298","serD"
"case_298","vulnD"
"case_298","serD"
"case_298","serD"
"case_298","vulnD"
"case_298","serD"
"case_298","serD"
"case_298","vulnD"
"case_298","serD"
"case_298","vulnD"
"case_298","serD"
"case_298","serD"
"case_298","vulnD"
"case_298","serD"
"case_298","vulnD"
"case_298","serD"
"case_298","vulnD"
"case_299","serD"
"case_299","vulnD"
"case_299","hostD"
"case_299","serD"
"case_299","vulnD"
"case_300","serD"
"case_300","vulnD"
"case_300","serD"
"case_300","vulnD"
"case_300","infoD"
"case_300","exfil"
"case_301","infoD"
"case_301","infoD"
"case_301","infoD"
"case_301","CnC"
"case_302","serD"
"case_302","vulnD"
"case_302","serD"
"case_302","vulnD"
"case_303","serD"
"case_303","vulnD"
"case_303","serD"
"case_303","vulnD"
"case_304","hostD"
"case_304","serD"
"case_304","vulnD"
"case_304","serD"
"case_304","vulnD"
"case_304","hostD"
"case_305","serD"
"case_305","vulnD"
"case_305","serD"
"case_305","vulnD"
"case_306","serD"
"case_306","vulnD"
"case_306","vulnD"
"case_306","vulnD"
"case_307","serD"
"case_307","vulnD"
"case_307","exfil"
"case_308","surf"
"case_308","vulnD"
"case_308","infoD"
"case_308","rPrivEsc"
"case_308","acctManip"
"case_308","remoteexp"
"case_308","CnC"
"case_308","ACE"
"case_308","netDOS"
"case_308","resHJ"
"case_308","dManip"
"case_308","exfil"
"case_308","delivery"
"case_309","hostD"
"case_309","serD"
"case_309","vulnD"
"case_309","infoD"
"case_309","netDOS"
"case_309","resHJ"
"case_310","infoD"
"case_310","netDOS"
"case_310","resHJ"
"case_311","surf"
"case_311","serD"
"case_311","vulnD"
"case_311","hostD"
"case_311","serD"
"case_311","vulnD"
"case_311","serD"
"case_311","vulnD"
"case_311","infoD"
"case_311","netDOS"
"case_311","resHJ"
"case_312","serD"
"case_312","vulnD"
"case_312","hostD"
"case_312","serD"
"case_312","vulnD"
"case_312","hostD"
"case_313","hostD"
"case_313","serD"
"case_313","vulnD"
"case_313","infoD"
"case_313","netDOS"
"case_313","resHJ"
"case_314","serD"
"case_314","serD"
"case_314","vulnD"
"case_314","hostD"
"case_314","infoD"
"case_314","netDOS"
"case_314","resHJ"
"case_315","infoD"
"case_315","netDOS"
"case_315","resHJ"
"case_316","serD"
"case_316","vulnD"
"case_316","serD"
"case_316","vulnD"
"case_317","serD"
"case_317","vulnD"
"case_317","serD"
"case_317","vulnD"
"case_318","serD"
"case_318","vulnD"
"case_318","CnC"
"case_318","CnC"
"case_318","CnC"
"case_318","acctManip"
"case_319","serD"
"case_319","vulnD"
"case_319","acctManip"
"case_320","serD"
"case_320","vulnD"
"case_320","serD"
"case_320","vulnD"
"case_321","serD"
"case_321","vulnD"
"case_321","acctManip"
"case_322","serD"
"case_322","vulnD"
"case_322","infoD"
"case_322","netDOS"
"case_322","resHJ"
"case_323","acctManip"
"case_323","serD"
"case_323","vulnD"
"case_324","acctManip"
"case_324","serD"
"case_324","vulnD"
"case_325","acctManip"
"case_325","serD"
"case_325","vulnD"
"case_326","acctManip"
"case_326","serD"
"case_326","vulnD"
"case_327","acctManip"
"case_327","serD"
"case_327","vulnD"
"case_328","serD"
"case_328","vulnD"
"case_328","serD"
"case_328","vulnD"
"case_329","serD"
"case_329","vulnD"
"case_329","serD"
"case_329","vulnD"
"case_330","serD"
"case_330","vulnD"
"case_330","serD"
"case_330","vulnD"
"case_331","acctManip"
"case_331","serD"
"case_331","vulnD"
"case_332","serD"
"case_332","vulnD"
"case_332","infoD"
"case_332","uPrivEsc"
"case_332","exfil"
"case_333","CnC"
"case_333","CnC"
"case_333","CnC"
"case_334","serD"
"case_334","vulnD"
"case_334","serD"
"case_334","vulnD"
"case_334","serD"
"case_334","vulnD"
"case_335","serD"
"case_335","vulnD"
"case_335","serD"
"case_335","vulnD"
"case_335","serD"
"case_335","vulnD"
"case_336","serD"
"case_336","vulnD"
"case_336","serD"
"case_336","vulnD"
"case_336","surf"
"case_336","vulnD"
"case_336","infoD"
"case_336","rPrivEsc"
"case_336","acctManip"
"case_336","remoteexp"
"case_336","ACE"
"case_336","resHJ"
"case_336","dManip"
"case_336","exfil"
"case_336","delivery"
"case_336","exfil"
"case_337","serD"
"case_337","vulnD"
"case_337","serD"
"case_337","vulnD"
"case_337","serD"
"case_337","vulnD"
"case_337","vulnD"
"case_337","vulnD"
"case_338","serD"
"case_338","vulnD"
"case_338","serD"
"case_338","vulnD"
"case_338","vulnD"
"case_338","serD"
"case_338","serD"
"case_339","serD"
"case_339","vulnD"
"case_339","serD"
"case_339","vulnD"
"case_340","serD"
"case_340","vulnD"
"case_340","infoD"
"case_340","infoD"
"case_341","serD"
"case_341","vulnD"
"case_341","vulnD"
"case_341","serD"
"case_341","bfCred"
"case_342","vulnD"
"case_342","hostD"
"case_342","serD"
"case_342","surf"
"case_342","infoD"
"case_342","rPrivEsc"
"case_342","acctManip"
"case_342","remoteexp"
"case_342","CnC"
"case_342","ACE"
"case_342","resHJ"
"case_342","dManip"
"case_342","exfil"
"case_343","infoD"
"case_343","dDestruct"
"case_343","dDestruct"
"case_343","dDestruct"
"case_343","dDestruct"
"case_343","dDestruct"
"case_343","dDestruct"
"case_343","dDestruct"
"case_343","dDestruct"
"case_344","serD"
"case_344","vulnD"
"case_344","serD"
"case_344","vulnD"
"case_345","serD"
"case_345","CnC"
"case_345","serD"
"case_346","surf"
"case_346","serD"
"case_346","vulnD"
"case_346","infoD"
"case_346","rPrivEsc"
"case_346","acctManip"
"case_346","remoteexp"
"case_346","CnC"
"case_346","ACE"
"case_346","resHJ"
"case_346","dManip"
"case_346","exfil"
"case_346","delivery"
"case_347","serD"
"case_347","vulnD"
"case_347","serD"
"case_347","vulnD"
"case_348","infoD"
"case_348","infoD"
"case_348","CnC"
"case_349","serD"
"case_349","vulnD"
"case_349","hostD"
"case_349","infoD"
"case_349","infoD"
"case_350","hostD"
"case_350","serD"
"case_350","vulnD"
"case_350","infoD"
"case_350","infoD"
"case_350","exfil"
"case_351","infoD"
"case_351","infoD"
"case_351","infoD"
"case_351","infoD"
"case_351","infoD"
"case_352","hostD"
"case_352","serD"
"case_352","vulnD"
"case_352","infoD"
"case_353","serD"
"case_353","vulnD"
"case_353","vulnD"
"case_354","serD"
"case_354","vulnD"
"case_354","serD"
"case_354","vulnD"
"case_355","serD"
"case_355","vulnD"
"case_355","vulnD"
"case_356","serD"
"case_356","vulnD"
"case_356","serD"
"case_356","vulnD"
"case_356","serD"
"case_356","vulnD"
"case_357","serD"
"case_357","vulnD"
"case_357","serD"
"case_357","vulnD"
"case_358","hostD"
"case_358","serD"
"case_358","vulnD"
"case_358","serD"
"case_358","vulnD"
"case_359","hostD"
"case_359","serD"
"case_359","vulnD"
"case_359","bfCred"
"case_360","hostD"
"case_360","serD"
"case_360","vulnD"
"case_360","rPrivEsc"
"case_360","exfil"
"case_361","hostD"
"case_361","serD"
"case_361","vulnD"
"case_361","infoD"
"case_361","serD"
"case_361","vulnD"
"case_361","infoD"
"case_362","serD"
"case_362","vulnD"
"case_362","hostD"
"case_362","serD"
"case_362","vulnD"
"case_362","infoD"
"case_363","hostD"
"case_363","serD"
"case_363","vulnD"
"case_363","infoD"
"case_363","serD"
"case_363","vulnD"
"case_363","infoD"
"case_363","infoD"
"case_363","hostD"
"case_364","serD"
"case_364","vulnD"
"case_364","serD"
"case_364","vulnD"
"case_364","hostD"
"case_364","infoD"
"case_364","infoD"
"case_365","serD"
"case_365","vulnD"
"case_365","rPrivEsc"
"case_365","ACE"
"case_365","exfil"
"case_366","serD"
"case_366","vulnD"
"case_366","hostD"
"case_366","infoD"
"case_367","hostD"
"case_367","infoD"
"case_367","serD"
"case_367","vulnD"
"case_368","hostD"
"case_368","serD"
"case_368","vulnD"
"case_368","surf"
"case_368","infoD"
"case_368","netDOS"
"case_369","hostD"
"case_369","serD"
"case_369","vulnD"
"case_369","hostD"
"case_369","infoD"
"case_369","surf"
"case_369","infoD"
"case_369","netDOS"
"case_370","surf"
"case_370","vulnD"
"case_370","infoD"
"case_370","rPrivEsc"
"case_370","acctManip"
"case_370","remoteexp"
"case_370","CnC"
"case_370","ACE"
"case_370","resHJ"
"case_370","dManip"
"case_370","exfil"
"case_370","delivery"
"case_371","serD"
"case_371","vulnD"
"case_371","vulnD"
"case_371","hostD"
"case_371","hostD"
"case_372","hostD"
"case_372","serD"
"case_372","vulnD"
"case_372","serD"
"case_372","vulnD"
"case_372","surf"
"case_372","infoD"
"case_372","netDOS"
"case_373","surf"
"case_373","vulnD"
"case_373","infoD"
"case_373","rPrivEsc"
"case_373","acctManip"
"case_373","remoteexp"
"case_373","ACE"
"case_373","resHJ"
"case_373","dManip"
"case_373","exfil"
"case_374","vulnD"
"case_374","acctManip"
"case_374","resHJ"
"case_374","dManip"
"case_375","rPrivEsc"
"case_375","ACE"
"case_375","exfil"
"case_376","rPrivEsc"
"case_376","ACE"
"case_376","exfil"
"case_377","serD"
"case_377","vulnD"
"case_377","serD"
"case_377","vulnD"
"case_378","serD"
"case_378","vulnD"
"case_378","serD"
"case_378","vulnD"
"case_379","serD"
"case_379","vulnD"
"case_379","serD"
"case_379","vulnD"
"case_379","surf"
"case_379","infoD"
"case_379","rPrivEsc"
"case_380","serD"
"case_380","vulnD"
"case_380","vulnD"
"case_380","serD"
"case_381","serD"
"case_381","vulnD"
"case_381","serD"
"case_381","vulnD"
"case_382","serD"
"case_382","vulnD"
"case_382","serD"
"case_382","vulnD"
"case_382","surf"
"case_382","infoD"
"case_382","netDOS"
"case_383","vulnD"
"case_383","rPrivEsc"
"case_383","acctManip"
"case_383","remoteexp"
"case_383","CnC"
"case_383","ACE"
"case_383","resHJ"
"case_383","dManip"
"case_383","exfil"
"case_383","delivery"
"case_384","surf"
"case_384","vulnD"
"case_384","infoD"
"case_384","rPrivEsc"
"case_384","acctManip"
"case_384","remoteexp"
"case_384","CnC"
"case_384","ACE"
"case_384","resHJ"
"case_384","dManip"
"case_384","exfil"
"case_384","delivery"
"case_385","infoD"
"case_385","rPrivEsc"
"case_385","ACE"
"case_385","exfil"
"case_386","surf"
"case_386","infoD"
"case_386","rPrivEsc"
"case_386","CnC"
"case_386","ACE"
"case_387","infoD"
"case_387","surf"
"case_387","infoD"
"case_387","rPrivEsc"
"case_387","CnC"
"case_387","ACE"
"case_388","infoD"
"case_388","surf"
"case_388","infoD"
"case_388","CnC"
"case_388","rPrivEsc"
"case_388","ACE"
"case_389","infoD"
"case_389","surf"
"case_389","CnC"
"case_390","infoD"
"case_390","rPrivEsc"
"case_390","ACE"
"case_391","infoD"
"case_391","surf"
"case_391","CnC"
"case_392","infoD"
"case_392","rPrivEsc"
"case_392","ACE"
"case_393","infoD"
"case_393","surf"
"case_393","infoD"
"case_393","rPrivEsc"
"case_393","CnC"
"case_393","ACE"
"case_394","infoD"
"case_394","surf"
"case_394","rPrivEsc"
"case_394","exfil"
"case_395","surf"
"case_395","vulnD"
"case_395","infoD"
"case_395","rPrivEsc"
"case_395","acctManip"
"case_395","remoteexp"
"case_395","CnC"
"case_395","ACE"
"case_395","resHJ"
"case_395","dManip"
"case_395","exfil"
"case_395","delivery"
"case_396","surf"
"case_396","vulnD"
"case_396","infoD"
"case_396","rPrivEsc"
"case_396","acctManip"
"case_396","remoteexp"
"case_396","CnC"
"case_396","ACE"
"case_396","resHJ"
"case_396","dManip"
"case_396","exfil"
"case_396","delivery"
"case_397","infoD"
"case_397","rPrivEsc"
"case_397","ACE"
"case_397","exfil"
"case_398","surf"
"case_398","CnC"
"case_398","rPrivEsc"
"case_398","ACE"
"case_399","infoD"
"case_399","surf"
"case_399","vulnD"
"case_399","CnC"
"case_399","rPrivEsc"
"case_399","ACE"
"case_400","infoD"
"case_400","surf"
"case_400","rPrivEsc"
"case_400","CnC"
"case_400","ACE"
"case_401","infoD"
"case_401","surf"
"case_401","CnC"
"case_401","rPrivEsc"
"case_401","ACE"
"case_402","infoD"
"case_402","surf"
"case_402","rPrivEsc"
"case_402","CnC"
"case_402","ACE"
"case_403","infoD"
"case_403","surf"
"case_403","infoD"
"case_403","rPrivEsc"
"case_403","CnC"
"case_403","ACE"
"case_404","surf"
"case_404","infoD"
"case_404","netDOS"
"case_405","surf"
"case_405","vulnD"
"case_405","infoD"
"case_405","rPrivEsc"
"case_405","acctManip"
"case_405","remoteexp"
"case_405","CnC"
"case_405","ACE"
"case_405","resHJ"
"case_405","dManip"
"case_405","exfil"
"case_405","delivery"
"case_406","serD"
"case_406","vulnD"
"case_406","rPrivEsc"
"case_407","surf"
"case_407","hostD"
"case_407","serD"
"case_407","vulnD"
"case_407","infoD"
"case_407","rPrivEsc"
"case_407","acctManip"
"case_407","remoteexp"
"case_407","CnC"
"case_407","ACE"
"case_407","resHJ"
"case_407","dManip"
"case_407","exfil"
"case_407","delivery"
"case_408","surf"
"case_408","vulnD"
"case_408","infoD"
"case_408","rPrivEsc"
"case_408","acctManip"
"case_408","remoteexp"
"case_408","ACE"
"case_408","dManip"
"case_408","exfil"
"case_408","resHJ"
"case_409","serD"
"case_409","vulnD"
"case_409","surf"
"case_409","vulnD"
"case_409","infoD"
"case_409","rPrivEsc"
"case_409","acctManip"
"case_409","remoteexp"
"case_409","CnC"
"case_409","ACE"
"case_409","netDOS"
"case_409","resHJ"
"case_409","dManip"
"case_409","exfil"
"case_409","delivery"
"case_410","serD"
"case_410","vulnD"
"case_410","remoteexp"
"case_410","dManip"
"case_410","exfil"
"case_411","serD"
"case_411","vulnD"
"case_411","serD"
"case_411","vulnD"
"case_411","serD"
"case_411","vulnD"
"case_411","serD"
"case_411","vulnD"
"case_412","serD"
"case_412","vulnD"
"case_412","vulnD"
"case_413","serD"
"case_413","vulnD"
"case_413","serD"
"case_413","vulnD"
"case_413","surf"
"case_413","netDOS"
"case_414","rPrivEsc"
"case_414","ACE"
"case_414","resHJ"
"case_415","serD"
"case_415","vulnD"
"case_415","vulnD"
"case_416","serD"
"case_416","vulnD"
"case_416","surf"
"case_416","infoD"
"case_416","netDOS"
"case_416","resHJ"
"case_417","infoD"
"case_417","infoD"
"case_417","infoD"
"case_417","infoD"
"case_417","infoD"
"case_418","serD"
"case_418","vulnD"
"case_418","exfil"
"case_419","exfil"
"case_419","serD"
"case_419","vulnD"
"case_420","serD"
"case_420","vulnD"
"case_420","hostD"
"case_420","vulnD"
"case_420","exfil"
"case_421","serD"
"case_421","vulnD"
"case_421","hostD"
"case_421","vulnD"
"case_421","exfil"
"case_422","serD"
"case_422","vulnD"
"case_422","exfil"
"case_423","serD"
"case_423","vulnD"
"case_423","hostD"
"case_424","serD"
"case_424","vulnD"
"case_424","vulnD"
"case_425","serD"
"case_425","vulnD"
"case_425","exfil"
"case_426","hostD"
"case_426","serD"
"case_426","exfil"
"case_427","infoD"
"case_427","infoD"
"case_427","CnC"
"case_428","vulnD"
"case_428","vulnD"
"case_428","vulnD"
"case_428","serD"
"case_428","vulnD"
"case_428","exfil"
"case_429","vulnD"
"case_429","vulnD"
"case_429","serD"
"case_429","vulnD"
"case_429","exfil"
"case_430","vulnD"
"case_430","serD"
"case_430","vulnD"
"case_430","serD"
"case_430","vulnD"
"case_430","vulnD"
"case_430","vulnD"
"case_430","vulnD"
"case_430","serD"
"case_430","serD"
"case_430","vulnD"
"case_430","vulnD"
"case_430","serD"
"case_430","vulnD"
"case_430","acctManip"
"case_431","vulnD"
"case_431","vulnD"
"case_431","vulnD"
"case_431","vulnD"
"case_431","serD"
"case_431","vulnD"
"case_431","vulnD"
"case_431","serD"
"case_431","vulnD"
"case_431","vulnD"
"case_431","serD"
"case_431","serD"
"case_431","vulnD"
"case_431","vulnD"
"case_432","vulnD"
"case_432","vulnD"
"case_432","serD"
"case_432","vulnD"
"case_432","vulnD"
"case_432","vulnD"
"case_432","vulnD"
"case_432","vulnD"
"case_432","serD"
"case_432","serD"
"case_432","vulnD"
"case_432","vulnD"
"case_432","serD"
"case_432","vulnD"
"case_432","vulnD"
"case_432","serD"
"case_432","vulnD"
"case_432","vulnD"
"case_432","serD"
"case_432","vulnD"
"case_432","serD"
"case_432","vulnD"
"case_432","serD"
"case_432","vulnD"
"case_432","acctManip"
"case_433","serD"
"case_433","serD"
"case_433","vulnD"
"case_433","vulnD"
"case_433","vulnD"
"case_433","vulnD"
"case_433","vulnD"
"case_433","vulnD"
"case_433","vulnD"
"case_433","acctManip"
"case_434","infoD"
"case_434","vulnD"
"case_434","vulnD"
"case_434","serD"
"case_434","vulnD"
"case_434","vulnD"
"case_434","hostD"
"case_435","vulnD"
"case_435","serD"
"case_435","vulnD"
"case_435","vulnD"
"case_435","vulnD"
"case_435","vulnD"
"case_435","serD"
"case_435","vulnD"
"case_435","vulnD"
"case_435","serD"
"case_435","vulnD"
"case_435","serD"
"case_435","vulnD"
"case_435","vulnD"
"case_435","serD"
"case_435","vulnD"
"case_435","serD"
"case_435","vulnD"
"case_435","vulnD"
"case_435","serD"
"case_435","serD"
"case_435","vulnD"
"case_435","vulnD"
"case_435","serD"
"case_435","vulnD"
"case_435","serD"
"case_435","vulnD"
"case_435","acctManip"
"case_436","serD"
"case_436","vulnD"
"case_436","vulnD"
"case_436","vulnD"
"case_436","vulnD"
"case_436","vulnD"
"case_436","serD"
"case_436","serD"
"case_436","vulnD"
"case_436","vulnD"
"case_436","serD"
"case_436","serD"
"case_436","vulnD"
"case_436","vulnD"
"case_437","vulnD"
"case_437","vulnD"
"case_437","vulnD"
"case_438","vulnD"
"case_438","vulnD"
"case_438","vulnD"
"case_438","vulnD"
"case_438","serD"
"case_438","vulnD"
"case_438","vulnD"
"case_438","serD"
"case_438","vulnD"
"case_438","vulnD"
"case_438","vulnD"
"case_438","vulnD"
"case_438","vulnD"
"case_438","vulnD"
"case_438","vulnD"
"case_438","serD"
"case_438","vulnD"
"case_438","serD"
"case_438","vulnD"
"case_438","serD"
"case_438","vulnD"
"case_438","acctManip"
"case_439","serD"
"case_439","vulnD"
"case_439","vulnD"
"case_439","serD"
"case_439","vulnD"
"case_439","serD"
"case_439","vulnD"
"case_439","serD"
"case_439","vulnD"
"case_439","vulnD"
"case_439","vulnD"
"case_439","vulnD"
"case_439","vulnD"
"case_439","vulnD"
"case_439","vulnD"
"case_440","vulnD"
"case_440","vulnD"
"case_440","vulnD"
"case_440","vulnD"
"case_440","vulnD"
"case_440","serD"
"case_440","vulnD"
"case_440","vulnD"
"case_440","vulnD"
"case_440","serD"
"case_440","vulnD"
"case_440","serD"
"case_440","vulnD"
"case_440","vulnD"
"case_440","vulnD"
"case_440","serD"
"case_440","vulnD"
"case_440","vulnD"
"case_440","serD"
"case_440","serD"
"case_440","vulnD"
"case_440","serD"
"case_440","acctManip"
"case_441","vulnD"
"case_441","vulnD"
"case_441","serD"
"case_441","vulnD"
"case_441","serD"
"case_441","vulnD"
"case_441","serD"
"case_441","vulnD"
"case_441","vulnD"
"case_441","vulnD"
"case_441","vulnD"
"case_441","vulnD"
"case_441","vulnD"
"case_441","vulnD"
"case_441","vulnD"
"case_442","vulnD"
"case_442","vulnD"
"case_442","vulnD"
"case_442","serD"
"case_442","vulnD"
"case_442","vulnD"
"case_442","serD"
"case_442","vulnD"
"case_442","serD"
"case_442","vulnD"
"case_442","vulnD"
"case_442","vulnD"
"case_442","vulnD"
"case_442","serD"
"case_442","vulnD"
"case_442","vulnD"
"case_442","vulnD"
"case_442","vulnD"
"case_442","serD"
"case_442","vulnD"
"case_442","acctManip"
"case_443","vulnD"
"case_443","vulnD"
"case_443","vulnD"
"case_443","vulnD"
"case_443","vulnD"
"case_443","vulnD"
"case_443","serD"
"case_443","vulnD"
"case_443","vulnD"
"case_443","infoD"
"case_443","acctManip"
"case_444","vulnD"
"case_444","serD"
"case_444","vulnD"
"case_444","vulnD"
"case_445","vulnD"
"case_445","vulnD"
"case_445","vulnD"
"case_445","hostD"
"case_445","serD"
"case_445","infoD"
"case_445","exfil"
"case_446","vulnD"
"case_446","vulnD"
"case_446","exfil"
"case_447","vulnD"
"case_447","serD"
"case_447","vulnD"
"case_447","vulnD"
"case_447","vulnD"
"case_447","serD"
"case_447","vulnD"
"case_447","vulnD"
"case_447","vulnD"
"case_447","serD"
"case_447","vulnD"
"case_447","serD"
"case_447","vulnD"
"case_447","acctManip"
"case_448","vulnD"
"case_448","vulnD"
"case_448","vulnD"
"case_448","serD"
"case_448","vulnD"
"case_448","serD"
"case_448","vulnD"
"case_448","vulnD"
"case_448","serD"
"case_448","vulnD"
"case_448","vulnD"
"case_448","vulnD"
"case_448","serD"
"case_448","vulnD"
"case_448","serD"
"case_449","vulnD"
"case_449","vulnD"
"case_449","vulnD"
"case_449","vulnD"
"case_449","vulnD"
"case_449","vulnD"
"case_449","serD"
"case_449","vulnD"
"case_449","serD"
"case_449","vulnD"
"case_449","vulnD"
"case_449","vulnD"
"case_449","serD"
"case_449","vulnD"
"case_449","vulnD"
"case_449","vulnD"
"case_449","serD"
"case_449","vulnD"
"case_449","serD"
"case_449","vulnD"
"case_449","vulnD"
"case_449","acctManip"
"case_450","vulnD"
"case_450","vulnD"
"case_450","serD"
"case_450","vulnD"
"case_450","serD"
"case_450","vulnD"
"case_450","serD"
"case_450","vulnD"
"case_450","vulnD"
"case_450","infoD"
"case_450","acctManip"
"case_451","vulnD"
"case_451","vulnD"
"case_451","vulnD"
"case_451","vulnD"
"case_451","vulnD"
"case_451","hostD"
"case_452","serD"
"case_452","vulnD"
"case_452","vulnD"
"case_452","serD"
"case_452","serD"
"case_452","hostD"
"case_452","serD"
"case_452","vulnD"
"case_452","vulnD"
"case_452","vulnD"
"case_452","serD"
"case_452","vulnD"
"case_452","vulnD"
"case_452","vulnD"
"case_452","serD"
"case_452","vulnD"
"case_452","vulnD"
"case_452","vulnD"
"case_452","vulnD"
"case_452","vulnD"
"case_452","vulnD"
"case_452","serD"
"case_452","vulnD"
"case_452","vulnD"
"case_452","serD"
"case_452","acctManip"
"case_453","vulnD"
"case_453","vulnD"
"case_453","vulnD"
"case_453","serD"
"case_453","vulnD"
"case_453","vulnD"
"case_453","vulnD"
"case_453","vulnD"
"case_453","acctManip"
"case_454","vulnD"
"case_454","vulnD"
"case_454","vulnD"
"case_454","vulnD"
"case_454","hostD"
"case_455","serD"
"case_455","vulnD"
"case_455","vulnD"
"case_455","vulnD"
"case_455","vulnD"
"case_455","serD"
"case_455","vulnD"
"case_455","vulnD"
"case_455","vulnD"
"case_455","serD"
"case_455","vulnD"
"case_455","vulnD"
"case_455","serD"
"case_455","vulnD"
"case_455","vulnD"
"case_455","serD"
"case_455","vulnD"
"case_455","serD"
"case_455","vulnD"
"case_455","serD"
"case_455","vulnD"
"case_455","vulnD"
"case_455","serD"
"case_455","vulnD"
"case_455","acctManip"
"case_456","vulnD"
"case_456","vulnD"
"case_456","vulnD"
"case_456","vulnD"
"case_456","vulnD"
"case_456","vulnD"
"case_456","vulnD"
"case_456","vulnD"
"case_456","vulnD"
"case_456","vulnD"
"case_456","acctManip"
"case_457","infoD"
"case_457","vulnD"
"case_457","vulnD"
"case_457","vulnD"
"case_457","serD"
"case_458","vulnD"
"case_458","vulnD"
"case_458","vulnD"
"case_458","serD"
"case_458","vulnD"
"case_458","vulnD"
"case_458","vulnD"
"case_458","vulnD"
"case_458","serD"
"case_458","vulnD"
"case_458","vulnD"
"case_458","vulnD"
"case_458","serD"
"case_458","vulnD"
"case_458","serD"
"case_458","vulnD"
"case_458","vulnD"
"case_458","vulnD"
"case_458","serD"
"case_458","vulnD"
"case_458","serD"
"case_458","vulnD"
"case_458","acctManip"
"case_459","vulnD"
"case_459","serD"
"case_459","vulnD"
"case_459","serD"
"case_459","vulnD"
"case_459","serD"
"case_459","vulnD"
"case_459","vulnD"
"case_459","vulnD"
"case_459","vulnD"
"case_459","vulnD"
"case_459","serD"
"case_459","vulnD"
"case_459","vulnD"
"case_460","vulnD"
"case_460","vulnD"
"case_460","serD"
"case_460","vulnD"
"case_460","vulnD"
"case_460","serD"
"case_460","vulnD"
"case_460","vulnD"
"case_460","vulnD"
"case_460","vulnD"
"case_460","serD"
"case_460","vulnD"
"case_460","vulnD"
"case_460","vulnD"
"case_460","serD"
"case_460","vulnD"
"case_460","serD"
"case_460","vulnD"
"case_460","vulnD"
"case_460","vulnD"
"case_460","vulnD"
"case_460","serD"
"case_460","serD"
"case_460","vulnD"
"case_460","acctManip"
"case_461","vulnD"
"case_461","serD"
"case_461","vulnD"
"case_461","vulnD"
"case_461","vulnD"
"case_461","serD"
"case_461","vulnD"
"case_461","vulnD"
"case_461","vulnD"
"case_461","vulnD"
"case_461","vulnD"
"case_461","infoD"
"case_461","acctManip"
"case_462","vulnD"
"case_462","vulnD"
"case_462","vulnD"
"case_462","vulnD"
"case_462","vulnD"
"case_462","vulnD"
"case_463","serD"
"case_463","vulnD"
"case_463","serD"
"case_463","vulnD"
"case_463","vulnD"
"case_463","vulnD"
"case_463","serD"
"case_463","vulnD"
"case_463","serD"
"case_463","vulnD"
"case_463","vulnD"
"case_463","serD"
"case_463","vulnD"
"case_463","serD"
"case_463","vulnD"
"case_463","vulnD"
"case_463","serD"
"case_463","vulnD"
"case_463","vulnD"
"case_463","serD"
"case_463","vulnD"
"case_463","vulnD"
"case_463","acctManip"
"case_464","vulnD"
"case_464","vulnD"
"case_464","vulnD"
"case_464","vulnD"
"case_464","vulnD"
"case_464","vulnD"
"case_464","serD"
"case_464","vulnD"
"case_464","acctManip"
"case_465","vulnD"
"case_465","vulnD"
"case_465","serD"
"case_465","vulnD"
"case_465","vulnD"
"case_466","serD"
"case_466","vulnD"
"case_466","vulnD"
"case_466","vulnD"
"case_466","vulnD"
"case_466","vulnD"
"case_466","serD"
"case_466","serD"
"case_466","vulnD"
"case_466","vulnD"
"case_466","vulnD"
"case_466","serD"
"case_466","vulnD"
"case_466","serD"
"case_466","vulnD"
"case_466","vulnD"
"case_466","serD"
"case_466","vulnD"
"case_466","serD"
"case_466","vulnD"
"case_466","serD"
"case_466","vulnD"
"case_466","acctManip"
"case_467","vulnD"
"case_467","serD"
"case_467","vulnD"
"case_467","vulnD"
"case_467","vulnD"
"case_467","serD"
"case_467","vulnD"
"case_467","vulnD"
"case_467","vulnD"
"case_467","acctManip"
"case_468","infoD"
"case_468","vulnD"
"case_468","serD"
"case_468","vulnD"
"case_468","vulnD"
"case_468","vulnD"
"case_468","serD"
"case_469","vulnD"
"case_469","vulnD"
"case_469","serD"
"case_469","vulnD"
"case_469","vulnD"
"case_469","vulnD"
"case_469","serD"
"case_469","vulnD"
"case_469","vulnD"
"case_469","serD"
"case_469","vulnD"
"case_469","vulnD"
"case_469","serD"
"case_469","vulnD"
"case_469","vulnD"
"case_469","serD"
"case_469","vulnD"
"case_469","serD"
"case_469","vulnD"
"case_469","vulnD"
"case_469","vulnD"
"case_469","serD"
"case_469","vulnD"
"case_469","vulnD"
"case_469","vulnD"
"case_469","serD"
"case_469","serD"
"case_469","vulnD"
"case_469","acctManip"
"case_470","vulnD"
"case_470","vulnD"
"case_470","vulnD"
"case_470","vulnD"
"case_470","vulnD"
"case_470","vulnD"
"case_470","vulnD"
"case_470","serD"
"case_470","vulnD"
"case_470","acctManip"
"case_471","serD"
"case_471","infoD"
"case_471","vulnD"
"case_471","serD"
"case_471","vulnD"
"case_471","infoD"
"case_471","infoD"
"case_471","vulnD"
"case_471","hostD"
"case_471","vulnD"
"case_472","vulnD"
"case_472","vulnD"
"case_472","vulnD"
"case_472","serD"
"case_472","vulnD"
"case_472","serD"
"case_472","vulnD"
"case_472","serD"
"case_472","serD"
"case_472","vulnD"
"case_472","vulnD"
"case_472","vulnD"
"case_472","vulnD"
"case_472","vulnD"
"case_472","vulnD"
"case_472","vulnD"
"case_472","vulnD"
"case_472","serD"
"case_472","vulnD"
"case_472","acctManip"
"case_473","serD"
"case_473","vulnD"
"case_473","serD"
"case_473","vulnD"
"case_473","serD"
"case_473","vulnD"
"case_473","vulnD"
"case_473","vulnD"
"case_473","acctManip"
"case_474","infoD"
"case_474","vulnD"
"case_474","vulnD"
"case_474","serD"
"case_474","vulnD"
"case_474","vulnD"
"case_475","vulnD"
"case_475","vulnD"
"case_475","vulnD"
"case_475","vulnD"
"case_475","vulnD"
"case_475","vulnD"
"case_475","serD"
"case_475","vulnD"
"case_475","serD"
"case_475","serD"
"case_475","vulnD"
"case_475","vulnD"
"case_475","vulnD"
"case_475","serD"
"case_475","vulnD"
"case_475","serD"
"case_475","vulnD"
"case_475","vulnD"
"case_475","serD"
"case_475","vulnD"
"case_475","vulnD"
"case_475","serD"
"case_475","acctManip"
"case_476","vulnD"
"case_476","vulnD"
"case_476","vulnD"
"case_476","vulnD"
"case_476","vulnD"
"case_476","serD"
"case_476","serD"
"case_476","vulnD"
"case_476","vulnD"
"case_476","vulnD"
"case_476","vulnD"
"case_476","acctManip"
"case_477","vulnD"
"case_477","vulnD"
"case_477","vulnD"
"case_477","vulnD"
"case_478","vulnD"
"case_478","vulnD"
"case_478","vulnD"
"case_478","serD"
"case_478","vulnD"
"case_478","vulnD"
"case_478","serD"
"case_478","vulnD"
"case_478","serD"
"case_478","vulnD"
"case_478","vulnD"
"case_478","serD"
"case_478","vulnD"
"case_478","serD"
"case_478","vulnD"
"case_478","vulnD"
"case_478","serD"
"case_478","vulnD"
"case_478","serD"
"case_478","vulnD"
"case_478","hostD"
"case_478","serD"
"case_478","vulnD"
"case_478","vulnD"
"case_478","acctManip"
"case_479","vulnD"
"case_479","vulnD"
"case_479","serD"
"case_479","serD"
"case_479","serD"
"case_479","vulnD"
"case_479","vulnD"
"case_479","vulnD"
"case_479","serD"
"case_479","vulnD"
"case_479","vulnD"
"case_479","serD"
"case_479","vulnD"
"case_479","vulnD"
"case_479","vulnD"
"case_479","vulnD"
"case_479","serD"
"case_479","serD"
"case_479","vulnD"
"case_480","serD"
"case_480","hostD"
"case_480","hostD"
"case_480","serD"
"case_480","infoD"
"case_480","exfil"
"case_481","serD"
"case_481","vulnD"
"case_481","hostD"
"case_481","infoD"
"case_481","exfil"
"case_482","serD"
"case_482","serD"
"case_482","vulnD"
"case_482","hostD"
"case_482","bfCred"
"case_482","bfCred"
"case_483","serD"
"case_483","surf"
"case_483","infoD"
"case_483","remoteexp"
"case_483","netDOS"
"case_484","serD"
"case_484","vulnD"
"case_484","hostD"
"case_484","infoD"
"case_484","exfil"
"case_485","serD"
"case_485","serD"
"case_485","vulnD"
"case_486","serD"
"case_486","hostD"
"case_486","serD"
"case_486","vulnD"
"case_486","serD"
"case_486","vulnD"
"case_486","serD"
"case_486","surf"
"case_486","infoD"
"case_486","netDOS"
"case_487","surf"
"case_487","infoD"
"case_487","netDOS"
"case_488","serD"
"case_488","serD"
"case_488","vulnD"
"case_488","serD"
"case_488","vulnD"
"case_489","serD"
"case_489","surf"
"case_489","infoD"
"case_489","netDOS"
"case_490","hostD"
"case_490","serD"
"case_490","vulnD"
"case_490","hostD"
"case_490","serD"
"case_490","vulnD"
"case_490","netDOS"
"case_491","infoD"
"case_491","hostD"
"case_491","serD"
"case_491","vulnD"
"case_492","serD"
"case_492","vulnD"
"case_492","serD"
"case_492","vulnD"
"case_493","hostD"
"case_493","serD"
"case_493","vulnD"
"case_493","surf"
"case_493","infoD"
"case_493","remoteexp"
"case_493","netDOS"
"case_493","netDOS"
"case_494","infoD"
"case_494","remoteexp"
"case_494","netDOS"
"case_494","netDOS"
"case_495","infoD"
"case_495","hostD"
"case_495","serD"
"case_495","vulnD"
"case_496","serD"
"case_496","vulnD"
"case_496","serD"
"case_496","vulnD"
"case_497","serD"
"case_497","serD"
"case_497","vulnD"
"case_498","serD"
"case_498","vulnD"
"case_498","serD"
"case_498","vulnD"
"case_498","hostD"
"case_498","vulnD"
"case_498","infoD"
"case_498","netDOS"
"case_499","serD"
"case_499","vulnD"
"case_499","serD"
"case_499","vulnD"
"case_500","serD"
"case_500","vulnD"
"case_500","serD"
"case_500","vulnD"
"case_501","serD"
"case_501","vulnD"
"case_501","hostD"
"case_501","serD"
"case_501","vulnD"
"case_502","serD"
"case_502","vulnD"
"case_502","serD"
"case_503","serD"
"case_503","vulnD"
"case_503","serD"
"case_503","vulnD"
"case_504","serD"
"case_504","vulnD"
"case_504","serD"
"case_504","vulnD"
"case_505","serD"
"case_505","vulnD"
"case_505","serD"
"case_505","vulnD"
"case_506","serD"
"case_506","vulnD"
"case_506","serD"
"case_507","hostD"
"case_507","serD"
"case_507","vulnD"
"case_507","infoD"
"case_507","serD"
"case_507","vulnD"
"case_507","hostD"
"case_507","vulnD"
"case_507","hostD"
"case_508","hostD"
"case_508","serD"
"case_508","vulnD"
"case_508","serD"
"case_508","hostD"
"case_508","surf"
"case_508","infoD"
"case_508","netDOS"
"case_509","hostD"
"case_509","serD"
"case_509","vulnD"
"case_510","infoD"
"case_510","hostD"
"case_510","serD"
"case_510","vulnD"
"case_511","serD"
"case_511","serD"
"case_511","serD"
"case_511","vulnD"
"case_512","serD"
"case_512","hostD"
"case_512","serD"
"case_512","hostD"
"case_512","serD"
"case_512","vulnD"
"case_512","serD"
"case_512","vulnD"
"case_512","surf"
"case_512","vulnD"
"case_512","infoD"
"case_512","rPrivEsc"
"case_512","remoteexp"
"case_512","ACE"
"case_512","netDOS"
"case_512","dManip"
"case_512","exfil"
"case_513","CnC"
"case_513","resHJ"
"case_513","delivery"
"case_514","serD"
"case_514","serD"
"case_514","serD"
"case_515","serD"
"case_515","serD"
"case_515","serD"
"case_516","serD"
"case_516","serD"
"case_516","serD"
"case_516","vulnD"
"case_517","serD"
"case_517","serD"
"case_517","serD"
"case_517","vulnD"
"case_517","hostD"
"case_517","serD"
"case_517","serD"
"case_518","hostD"
"case_518","serD"
"case_518","vulnD"
"case_518","surf"
"case_518","infoD"
"case_518","netDOS"
"case_519","surf"
"case_519","vulnD"
"case_519","infoD"
"case_519","rPrivEsc"
"case_519","acctManip"
"case_519","remoteexp"
"case_519","ACE"
"case_519","resHJ"
"case_519","dManip"
"case_519","exfil"
"case_519","delivery"
"case_520","hostD"
"case_520","serD"
"case_520","vulnD"
"case_521","serD"
"case_521","vulnD"
"case_521","hostD"
"case_521","serD"
"case_522","serD"
"case_522","hostD"
"case_522","serD"
"case_522","vulnD"
"case_522","serD"
"case_523","hostD"
"case_523","serD"
"case_523","vulnD"
"case_523","surf"
"case_523","infoD"
"case_523","netDOS"
"case_524","vulnD"
"case_524","rPrivEsc"
"case_524","acctManip"
"case_524","remoteexp"
"case_524","CnC"
"case_524","ACE"
"case_524","resHJ"
"case_524","dManip"
"case_524","exfil"
"case_524","delivery"
"case_525","serD"
"case_525","vulnD"
"case_525","hostD"
"case_525","surf"
"case_525","vulnD"
"case_525","infoD"
"case_525","rPrivEsc"
"case_525","acctManip"
"case_525","remoteexp"
"case_525","CnC"
"case_525","ACE"
"case_525","resHJ"
"case_525","dManip"
"case_525","exfil"
"case_525","delivery"
"case_525","netDOS"
"case_526","surf"
"case_526","vulnD"
"case_526","infoD"
"case_526","rPrivEsc"
"case_526","acctManip"
"case_526","remoteexp"
"case_526","CnC"
"case_526","ACE"
"case_526","netDOS"
"case_526","resHJ"
"case_526","dManip"
"case_526","exfil"
"case_526","delivery"
"case_527","surf"
"case_527","vulnD"
"case_527","infoD"
"case_527","rPrivEsc"
"case_527","acctManip"
"case_527","remoteexp"
"case_527","CnC"
"case_527","ACE"
"case_527","resHJ"
"case_527","dManip"
"case_527","exfil"
"case_527","delivery"
"case_528","serD"
"case_528","vulnD"
"case_528","serD"
"case_529","serD"
"case_529","vulnD"
"case_529","serD"
"case_529","hostD"
"case_529","vulnD"
"case_529","remoteexp"
"case_529","dManip"
"case_529","exfil"
"case_530","surf"
"case_530","infoD"
"case_530","rPrivEsc"
"case_530","acctManip"
"case_530","ACE"
"case_530","resHJ"
"case_530","delivery"
"case_531","hostD"
"case_531","serD"
"case_531","bfCred"
"case_532","vulnD"
"case_532","dManip"
"case_532","exfil"
"case_533","surf"
"case_533","infoD"
"case_533","netDOS"
"case_534","hostD"
"case_534","serD"
"case_534","CnC"
"case_535","serD"
"case_535","vulnD"
"case_535","serD"
"case_535","vulnD"
"case_536","uPrivEsc"
"case_536","uPrivEsc"
"case_536","uPrivEsc"
